web-scraper-order,web-scraper-start-url,Product Name,Units sold,Price
1759477013-1,https://shopee.ph/kbeautycafe#product_list,Dr. Althea 345 Relief Cream / 147 Barrier Cream,4.97K+ sold,"1,190"
1759477013-2,https://shopee.ph/kbeautycafe#product_list,Eqqualberry Swimming Pool Toner,5.03K+ sold,639
1759477013-3,https://shopee.ph/kbeautycafe#product_list,Beauty of Joseon Revive Eye Serum: Ginseng + Retinal,4.98K+ sold,799
1759477013-4,https://shopee.ph/kbeautycafe#product_list,The Ordinary Glycolic Acid 7% Exfoliating Toner (Deciem) | Niacinamide [READ DESCRIPTION],4.98K+ sold,635
1759477013-5,https://shopee.ph/kbeautycafe#product_list,Anua Heartleaf Quercetinol Pore Deep Cleansing Foam 150ml,4.92K+ sold,310
1759477013-6,https://shopee.ph/kbeautycafe#product_list,Purito Mighty Bamboo Panthenol Cream 100ml,4.9886 sold,960
1759477013-7,https://shopee.ph/kbeautycafe#product_list,Beauty of Joseon Relief Sun (Sunscreen),4.94K+ sold,190
1759477013-8,https://shopee.ph/kbeautycafe#product_list,Anua Heartleaf 77% Soothing Toner,4.97K+ sold,310
1759477013-9,https://shopee.ph/kbeautycafe#product_list,Frankly Closer Pore Reducing Serum 10ml | 30ml | 60ml,5.0158 sold,170
1759477013-10,https://shopee.ph/kbeautycafe#product_list,the SAEM Cover Perfection Tip Concealer SPF 28/PA++,4.910K+ sold,230
1759477013-11,https://shopee.ph/kbeautycafe#product_list,"The Ordinary Bestsellers (Niacinamide, Retinol, Arbutin, Glycolic Acid, Caffeine, Buffet)",4.93K+ sold,635
1759477013-12,https://shopee.ph/kbeautycafe#product_list,Laneige Lip Sleeping Mask (Mini) 3g,4.94K+ sold,235
1759477013-13,https://shopee.ph/kbeautycafe#product_list,Anua Azelaic Acid 10 Hyaluron Redness Soothing Serum 30ml,4.93K+ sold,990
1759477013-14,https://shopee.ph/kbeautycafe#product_list,Skin1004 Madagascar Centella Ampoule Foam,5.0551 sold,345
1759477013-15,https://shopee.ph/kbeautycafe#product_list,Eqqualberry Bakuchiol Plumping Serum,5.0903 sold,995
1759477013-16,https://shopee.ph/kbeautycafe#product_list,SKIN1004 Madagascar Centella Ampoule 30ml or 55ml | Tone Brightening,4.91K+ sold,425
1759477013-17,https://shopee.ph/kbeautycafe#product_list,Frankly Retinol 0.1 Wrinkle Repair Cream / Retinol 0.3 Wrinkle Repair Cream,4.910K+ sold,449
1759477013-18,https://shopee.ph/kbeautycafe#product_list,SEOUL 1988 Essence : Snail Mucin 97% + Rice,4.9 Shop Rating,820
1759477013-19,https://shopee.ph/kbeautycafe#product_list,SEOUL 1988 Glow Serum : Niacinamide 15% + Yuja,4.9 Shop Rating,880
1759477013-20,https://shopee.ph/kbeautycafe#product_list,SEOUL 1988 Cleansing Foam : Pine Cica 1% + Probiotics,4.9 Shop Rating,740
1759477013-21,https://shopee.ph/kbeautycafe#product_list,Beauty of Joseon Daily Tinted Fluid Sunscreen SPF40,4.9 Shop Rating,"1,050"
1759477013-22,https://shopee.ph/kbeautycafe#product_list,Skin1004 Hyalu-Cica Water-Fit Sun Serum / Sun Stick,4.92K+ sold,580
1759477013-23,https://shopee.ph/kbeautycafe#product_list,Beauty of Joseon Relief Sun (Sunscreen SPF 50+ PA++++),5.01K+ sold,765
1759477013-24,https://shopee.ph/kbeautycafe#product_list,SKIN1004 Madagascar Centella Light Cleansing Oil,4.92K+ sold,335
1759477013-25,https://shopee.ph/kbeautycafe#product_list,Anua Heartleaf Pore Control Cleansing Oil,4.95K+ sold,310
1759477013-26,https://shopee.ph/kbeautycafe#product_list,SKIN1004 Madagascar Centella Tone Brightening Capsule Ampoule 50ml or 100ml,4.9357 sold,475
1759477013-27,https://shopee.ph/kbeautycafe#product_list,Beauty of Joseon Glow / Glow Deep / Revive / Calming Serum,5.05K+ sold,680
1759477013-28,https://shopee.ph/kbeautycafe#product_list,Purito Oat-In Calming Gel Cream,4.91K+ sold,790
1759477013-29,https://shopee.ph/kbeautycafe#product_list,[Authentic] Foodaholic Multi Sun Cream,4.91K+ sold,140
1759477013-30,https://shopee.ph/kbeautycafe#product_list,Anua Niacinamide 10% + TXA 4% Dark Spot Removing Serum,4.94K+ sold,990
1759477013-31,https://shopee.ph/kbeautycafe#product_list,Beauty of Joseon Glow Replenishing Rice Milk,5.01K+ sold,900
1759477013-32,https://shopee.ph/kbeautycafe#product_list,Frankly Closer Pore Reducing Serum,4.96K+ sold,399
1759477013-33,https://shopee.ph/kbeautycafe#product_list,SEOUL 1988 Eye Cream : Retinal Liposome 4% + Fermented Bean,5.0204 sold,850
1759477013-34,https://shopee.ph/kbeautycafe#product_list,SEOUL 1988 Serum : Retinal Liposome 2% + Black Ginseng,5.0240 sold,880
1759477013-35,https://shopee.ph/kbeautycafe#product_list,Eqqualberry Vitamin Illuminating Serum,5.0399 sold,995
1759477013-36,https://shopee.ph/kbeautycafe#product_list,Romand Glasting Color Gloss,4.93K+ sold,360
1759477013-37,https://shopee.ph/kbeautycafe#product_list,"MDHL Daily Sheet Mask Healing Essential Line (Tea Tree, Collagen, Placenta, Madecassoside, Vita)",4.910K+ sold,55
1759477013-38,https://shopee.ph/kbeautycafe#product_list,Dr. Althea Vitamin C Boosting Serum,4.91K+ sold,895
1759477013-39,https://shopee.ph/kbeautycafe#product_list,Frankly AHA 8.05 Clearing & Exfoliating Toner (Glycolic Acid Toner),4.92K+ sold,499
1759477013-40,https://shopee.ph/kbeautycafe#product_list,Beauty of Joseon Glow Deep Serum: Rice + Arbutin,4.93K+ sold,680
1759477013-41,https://shopee.ph/kbeautycafe#product_list,Haruharu Wonder Black Rice Probiotics Barrier Essence,4.92K+ sold,350
1759477013-42,https://shopee.ph/kbeautycafe#product_list,Purito Wonder Releaf Centella Serum Unscented 60ml,4.9473 sold,320
1759477013-43,https://shopee.ph/kbeautycafe#product_list,Beauty of Joseon Red Bean Refreshing Pore Mask,4.9616 sold,850
1759477013-44,https://shopee.ph/kbeautycafe#product_list,(Sachet) Beauty of Joseon Glow / Revive Serum / Dynasty Cream,4.92K+ sold,19
1759477013-45,https://shopee.ph/kbeautycafe#product_list,House of HUR Moist Ampoule Blusher,4.91K+ sold,390
1759477013-46,https://shopee.ph/kbeautycafe#product_list,Benton Deep Green Tea Toner,5.06K+ sold,625
1759477013-47,https://shopee.ph/kbeautycafe#product_list,Beauty of Joseon Ginseng Essence Water,4.98K+ sold,392
1759477013-48,https://shopee.ph/kbeautycafe#product_list,Beauty of Joseon Relief Sun Aqua Fresh: Rice + B5 (Sunscreen),4.92K+ sold,765
1759477013-49,https://shopee.ph/kbeautycafe#product_list,Beauty of Joseon Relief Sun | Matte Sun Stick | Ginseng Moist Sun Serum (Sunscreen),4.910K+ sold,315
1759477013-50,https://shopee.ph/kbeautycafe#product_list,Beauty of Joseon Dynasty Cream,4.91K+ sold,"1,150"
1759477013-51,https://shopee.ph/kbeautycafe#product_list,Haruharu Wonder Black Rice Moisture Deep Cleansing Oil 150ml,4.91K+ sold,250
1759477013-52,https://shopee.ph/kbeautycafe#product_list,Frankly Cicahae Sun (Cica Complex + Hyaluronic Acid),4.95K+ sold,499
1759477013-53,https://shopee.ph/kbeautycafe#product_list,Romand Dewyful Water Tint,4.910K+ sold,350
1759477013-54,https://shopee.ph/kbeautycafe#product_list,Skin1004 Hyalu-Cica Water-Fit Sun Serum (1 pc. or 2 Pack),5.0407 sold,699
1759477013-55,https://shopee.ph/kbeautycafe#product_list,Anua Rice 70 Milky Glow Toner 250 ml,5.01K+ sold,950
1759477013-56,https://shopee.ph/kbeautycafe#product_list,Nine Less A-control 10% Azelaic Acid Serum 30ml Nineless,5.0439 sold,240
1759477013-57,https://shopee.ph/kbeautycafe#product_list,The SAEM Cover Perfection Triple Pot Concealer,4.92K+ sold,230
1759477013-58,https://shopee.ph/kbeautycafe#product_list,I'm from Rice Toner | Rice Toner Pads,5.05K+ sold,420
1759477013-59,https://shopee.ph/kbeautycafe#product_list,Frankly Niacinamide 15% + Zinc Beads Serum,4.9967 sold,399
1759477013-60,https://shopee.ph/kbeautycafe#product_list,Anua Rice 70 Glow Collagen Mask,5.031 sold,250
1759477013-61,https://shopee.ph/kbeautycafe#product_list,Eqqualberry Collagen Pore-Tight Up Hydrogel Mask,4.037 sold,280
1759477013-62,https://shopee.ph/kbeautycafe#product_list,Frankly Butter So Much Concentrated Nourishing Cream,4.9718 sold,399
1759477013-63,https://shopee.ph/kbeautycafe#product_list,"Romand Juicy Lasting Tint [Nucadamia, Bare Grape, Mulled Peach, Almond Rose]",4.910K+ sold,350
1759477013-64,https://shopee.ph/kbeautycafe#product_list,Mixsoon Bean Essence,5.01K+ sold,850
1759477013-65,https://shopee.ph/kbeautycafe#product_list,Numbuzin No.5 Vitamin Concentrated Serum 30ml,5.010K+ sold,890
1759477013-66,https://shopee.ph/kbeautycafe#product_list,Dr. Althea 147 Barrier Cream 50ml,4.9251 sold,"1,190"
1759477013-67,https://shopee.ph/kbeautycafe#product_list,Beauty of Joseon Ground Rice and Honey Glow Mask,4.92K+ sold,900
1759477013-68,https://shopee.ph/kbeautycafe#product_list,Tirtir Mask Fit Red Cushion (Trial Kit or Mini),4.93K+ sold,170
1759477013-69,https://shopee.ph/kbeautycafe#product_list,Beauty of Joseon Ginseng Cleansing Oil,4.98K+ sold,900
1759477013-70,https://shopee.ph/kbeautycafe#product_list,Dr. Althea Gentle Vitamin C Serum 30ml,4.9243 sold,895
1759477013-71,https://shopee.ph/kbeautycafe#product_list,Kaine ROSEMARY Relief Gel Cleanser / Rosemary AHA Night Serum [Lactic Acid Serum - AHA Serum],4.93K+ sold,215
1759477013-72,https://shopee.ph/kbeautycafe#product_list,Jumiso Niacinamide 10 Serum 40ml,5.011 sold,850
1759477013-73,https://shopee.ph/kbeautycafe#product_list,CosRX Acne Pimple Master Patch / Clear Fit Master Patch / AC Collection Acne Patch,4.910K+ sold,150
1759477013-74,https://shopee.ph/kbeautycafe#product_list,Beauty of Joseon Matte Sun Stick: Mugwort + Camelia | Beauty of Joseon Matte Sunstick,4.94K+ sold,990
1759477013-75,https://shopee.ph/kbeautycafe#product_list,Frankly Bestsellers Set [Retinol + Peptides + Hyaluronic Acid],5.0245 sold,"1,149"
1759477013-76,https://shopee.ph/kbeautycafe#product_list,Haruharu Wonder Black Rice Bakuchiol Eye Cream 20 ml,4.91K+ sold,630
1759477013-77,https://shopee.ph/kbeautycafe#product_list,Eqqualberry Purple PDRN Pore Minimizing Serum,5.0114 sold,"1,112"
1759477013-78,https://shopee.ph/kbeautycafe#product_list,Frankly CICA 80 & HA Soothing Toner,5.01K+ sold,499
1759477013-79,https://shopee.ph/kbeautycafe#product_list,Biodance Bio-Collagen Real Deep Mask Sheet (1pc or 4pcs),4.910K+ sold,280
1759477013-80,https://shopee.ph/kbeautycafe#product_list,Eqqualberry Collagen Glow Up Hydrogel Mask,5.013 sold,280
1759477013-81,https://shopee.ph/kbeautycafe#product_list,CosRX Salicylic Acid Daily Gentle Cleanser | Low pH Good Morning Gel Cleanser,4.9725 sold,275
1759477013-82,https://shopee.ph/kbeautycafe#product_list,Arencia Fresh Green Rice Mochi Cleanser / Rosehip / Blue Hyssop,4.81K+ sold,900
1759477013-83,https://shopee.ph/kbeautycafe#product_list,Pyunkang Yul Acne Dressing Mask Pack,4.91K+ sold,30
1759477013-84,https://shopee.ph/kbeautycafe#product_list,Romand Glasting Melting Balm,4.96K+ sold,360
1759477013-85,https://shopee.ph/kbeautycafe#product_list,Medicube Collagen Jelly Cream,5.0240 sold,760
1759477013-86,https://shopee.ph/kbeautycafe#product_list,Round Lab Dokdo Cleanser,5.0238 sold,650
1759477013-87,https://shopee.ph/kbeautycafe#product_list,Isntree Green Tea Fresh Toner,4.92K+ sold,250
1759477013-88,https://shopee.ph/kbeautycafe#product_list,Medicube Collagen Night Wrapping Mask 75 ml,4.91K+ sold,"1,125"
1759477013-89,https://shopee.ph/kbeautycafe#product_list,Pyunkang Yul Acne Facial Cleanser,4.92K+ sold,335
1759477013-90,https://shopee.ph/kbeautycafe#product_list,Purito Wonder Releaf Centella BB Cream 30ml,5.029 sold,550
1759477013-91,https://shopee.ph/kbeautycafe#product_list,Haruharu Wonder Black Rice Moisture Airyfit Sunscreen / Mineral Relief Daily / Soothing Sun Shield,4.91K+ sold,699
1759477013-92,https://shopee.ph/kbeautycafe#product_list,Tirtir Milk Skin Toner,5.02K+ sold,500
1759477013-93,https://shopee.ph/kbeautycafe#product_list,CosRX Salicylic Acid Daily Gentle Cleanser | Low pH Good Morning,5.08K+ sold,275
1759477013-94,https://shopee.ph/kbeautycafe#product_list,Isntree Sachet Samples - Hyaluronic Acid Gel Cream | Moist Cream,4.93K+ sold,25
1759477013-95,https://shopee.ph/kbeautycafe#product_list,Anua Niacinamide 5 TXA Brightening Pad (60 Pads),5.050 sold,"1,200"
1759477013-96,https://shopee.ph/kbeautycafe#product_list,"Mediheal Toner Pad - Teatree, Collagen, Retinol, Vitamide*",5.072 sold,"1,050"
1759477013-97,https://shopee.ph/kbeautycafe#product_list,Tocobo Juicy Berry Lip Plumping Oil,4.91K+ sold,359
1759477013-98,https://shopee.ph/kbeautycafe#product_list,Anua Peach 70% Niacin Serum 30ml / Peach 77 Niacin Conditioning Milk / Essence Toner,4.91K+ sold,989
1759477013-99,https://shopee.ph/kbeautycafe#product_list,Eqqualberry Swimming Pool Toner Pads (70 Pads),5.057 sold,"1,024"
1759477013-100,https://shopee.ph/kbeautycafe#product_list,TOCOBO Cotton Soft Sun Stick,4.93K+ sold,650
1759477013-101,https://shopee.ph/kbeautycafe#product_list,Peripera Ink Mood Glowy Tint,5.01K+ sold,410
1759477013-102,https://shopee.ph/kbeautycafe#product_list,Frankly Sunday Glow Serum (5% Niacinamide Serum),4.91K+ sold,399
1759477013-103,https://shopee.ph/kbeautycafe#product_list,Beauty of Joseon Red Bean Water Gel,4.9494 sold,850
1759477013-104,https://shopee.ph/kbeautycafe#product_list,Innisfree No Sebum Mineral Powder,4.91K+ sold,380
1759477013-105,https://shopee.ph/kbeautycafe#product_list,Numbuzin Serum (No. 3 Skin Softening | No. 5 Blemish | No. 5 Vitamin Concentrated),4.94K+ sold,995
1759477013-106,https://shopee.ph/kbeautycafe#product_list,Frankly Vita Bomb Calming & Relief Serum (5% Niacinamide Serum),4.9418 sold,399
1759477013-107,https://shopee.ph/kbeautycafe#product_list,Anua Heartleaf Succinic Moisture Cleansing Foam,5.0114 sold,699
1759477013-108,https://shopee.ph/kbeautycafe#product_list,"Illiyoon Ceramide Ato Concentrate Cream (New Packaging, New Formula)",5.0708 sold,895
1759477013-109,https://shopee.ph/kbeautycafe#product_list,Mixsoon Glacier Water Hyaluronic Acid Serum 100ml | 300ml,4.9486 sold,999
1759477013-110,https://shopee.ph/kbeautycafe#product_list,Heimish All Clean Green Foam (Authentic),5.06K+ sold,399
1759477013-111,https://shopee.ph/kbeautycafe#product_list,Isntree Onion Newpair Spot Patch [Basic] | [Skin Fit],4.9915 sold,150
1759477013-112,https://shopee.ph/kbeautycafe#product_list,Haruharu Wonder Black Rice Hyaluronic Toner (30 ml | 150 ml | 300 ml),4.9803 sold,240
1759477013-113,https://shopee.ph/kbeautycafe#product_list,Anua Rice Ceramide 7 Hydrating Barrier Serum 50ml,5.0525 sold,950
1759477013-114,https://shopee.ph/kbeautycafe#product_list,Numbuzin No.5 Vitamin-Niacinamide Concentrated Pad,4.9799 sold,890
1759477013-115,https://shopee.ph/kbeautycafe#product_list,3W Clinic Intensive UV Sunblock Cream,4.8253 sold,180
1759477013-116,https://shopee.ph/kbeautycafe#product_list,Haruharu Wonder Black Rice Hyaluronic Toner,5.08K+ sold,580
1759477013-117,https://shopee.ph/kbeautycafe#product_list,SEOUL 1988 Cream : Retinal Liposome 1% + Fermented Rice,5.057 sold,980
1759477013-118,https://shopee.ph/kbeautycafe#product_list,Beauty of Joseon Green Plum Refreshing Cleanser,5.0583 sold,850
1759477013-119,https://shopee.ph/kbeautycafe#product_list,Heimish All Clean Balm,5.010K+ sold,499
1759477013-120,https://shopee.ph/kbeautycafe#product_list,The Ordinary Hyaluronic Acid 2% + B5 (Deciem Korea) - 100% Authentic,5.0416 sold,700
1759477013-121,https://shopee.ph/kbeautycafe#product_list,Haruharu Wonder Black Rice Triple AHA Gentle Cleansing Gel,4.9368 sold,550
1759477013-122,https://shopee.ph/kbeautycafe#product_list,"Mediheal Daily Sheet Mask Healing Essential Line (Tea Tree, Collagen, Placenta, Madecassoside, Vita)",4.91K+ sold,65
1759477013-123,https://shopee.ph/kbeautycafe#product_list,Frankly Deep Cleansing Oil,4.9502 sold,589
1759477013-124,https://shopee.ph/kbeautycafe#product_list,Numbuzin No.1 Pantothenic B5 Active Soothing Cream,4.91K+ sold,480
1759477013-125,https://shopee.ph/kbeautycafe#product_list,Purito Wonder Releaf Centella Daily Sun Lotion 60ml,5.021 sold,350
1759477013-126,https://shopee.ph/kbeautycafe#product_list,AHC Natural Perfection Double Shield Sun Stick / Fresh Sun Stick,4.92K+ sold,450
1759477013-127,https://shopee.ph/kbeautycafe#product_list,Numbuzin No.1 Pure-Full Calming Herb Toner,4.92K+ sold,920
1759477013-128,https://shopee.ph/kbeautycafe#product_list,Medicube PDRN Pink Collagen Gel Mask,4.9215 sold,250
1759477013-129,https://shopee.ph/kbeautycafe#product_list,I'm from Mugwort Essence,5.04K+ sold,550
1759477013-130,https://shopee.ph/kbeautycafe#product_list,Frankly PDRN Bounce Ball Serum,5.033 sold,659
1759477013-131,https://shopee.ph/kbeautycafe#product_list,Beauty of Joseon Calming Serum: Green tea + Panthenol,4.9205 sold,850
1759477013-132,https://shopee.ph/kbeautycafe#product_list,Frankly Madecassoside & Allantoin Cream,4.9430 sold,499
1759477013-133,https://shopee.ph/kbeautycafe#product_list,ACWELL Licorice pH Balancing Cleansing Toner,5.09K+ sold,150
1759477013-134,https://shopee.ph/kbeautycafe#product_list,Heimish Moringa Ceramide BB Cream (Renewed Version),4.9540 sold,699
1759477013-135,https://shopee.ph/kbeautycafe#product_list,DONG A PHARM Acnon Cream | Noscarna Gel | Aclean Gel,5.01 sold,690
1759477013-136,https://shopee.ph/kbeautycafe#product_list,Tirtir Mask Fit Red Cushion,4.986 sold,675
1759477013-137,https://shopee.ph/kbeautycafe#product_list,Haruharu Wonder Black Rice Moisture 5.5 Soft Cleansing Gel,4.9264 sold,550
1759477013-138,https://shopee.ph/kbeautycafe#product_list,VT Cosmetics CICA Reedle Shot 50 | 100 | 300 | 700 | 1000,4.9472 sold,"1,199"
1759477013-139,https://shopee.ph/kbeautycafe#product_list,Iunik Calendula Complete Cleansing Oil,5.039 sold,300
1759477013-140,https://shopee.ph/kbeautycafe#product_list,Eqqualberry NAD+ Peptide Boosting Serum 30ml,4.9 Shop Rating,"1,119"
1759477013-141,https://shopee.ph/kbeautycafe#product_list,Medicube Hypochlorous Acid Daily Facial Spray,5.023 sold,980
1759477013-142,https://shopee.ph/kbeautycafe#product_list,Beauty of Joseon Green Plum Refreshing Toner: AHA + BHA,4.9755 sold,900
1759477013-143,https://shopee.ph/kbeautycafe#product_list,Heveblue Salmon Caring Centella Toner 200ml,5.055 sold,799
1759477013-144,https://shopee.ph/kbeautycafe#product_list,Frankly Poreless Skin Set,4.998 sold,"1,265"
1759477013-145,https://shopee.ph/kbeautycafe#product_list,The Ordinary Alpha Arbutin 2% + HA,4.9278 sold,780
1759477013-146,https://shopee.ph/kbeautycafe#product_list,Needly Daily Toner Pad (Daily | Anti-Trouble | Vita C Glow),4.92K+ sold,899
1759477013-147,https://shopee.ph/kbeautycafe#product_list,Anua Heartleaf 70 Soothing Collagen Mask,5.029 sold,250
1759477013-148,https://shopee.ph/kbeautycafe#product_list,Anua 8 Hyaluronic Acid Hydrating Gentle Foaming Cleanser 150ml,4.958 sold,699
1759477013-149,https://shopee.ph/kbeautycafe#product_list,Anua Rice 70 Intensive Moisturizing Milk,5.0375 sold,"1,150"
1759477013-150,https://shopee.ph/kbeautycafe#product_list,Medicube TXA Niacinamide 15 Serum,5.076 sold,950
1759477013-151,https://shopee.ph/kbeautycafe#product_list,Eqqualberry Swimming Pool Ampoule 50ml,5.020 sold,"1,024"
1759477013-152,https://shopee.ph/kbeautycafe#product_list,Anua PDRN Hyaluronic Acid Capsule 100 Serum 30ml,4.7136 sold,"1,099"
1759477013-153,https://shopee.ph/kbeautycafe#product_list,Kaine Lavender PDRN Revitalizing Toner,4.9 Shop Rating,270
1759477013-154,https://shopee.ph/kbeautycafe#product_list,House of Hur Weightless Sun Fluid,5.0240 sold,699
1759477013-155,https://shopee.ph/kbeautycafe#product_list,Anua Heartleaf LHA Moisture Peeling Gel,5.022 sold,789
1759477013-156,https://shopee.ph/kbeautycafe#product_list,Isntree Hyaluronic Acid Aqua Gel Cream,4.92K+ sold,699
1759477013-157,https://shopee.ph/kbeautycafe#product_list,Benton Honest Eyelash Serum,4.9786 sold,690
1759477013-158,https://shopee.ph/kbeautycafe#product_list,Klairs Freshly Juiced Vitamin Essence Toner,5.013 sold,295
1759477013-159,https://shopee.ph/kbeautycafe#product_list,Anua Heartleaf Pore Control Cleansing Oil MILD 200ML,5.0220 sold,890
1759477013-160,https://shopee.ph/kbeautycafe#product_list,Isntree Hyaluronic Acid Watery Sun Gel / Hyaluronic Acid Airy Sun Stick,4.95K+ sold,750
1759477013-161,https://shopee.ph/kbeautycafe#product_list,Kaine KOMBU Balancing Ampoule Toner / Kombu Barrier Ampoule,5.01K+ sold,220
1759477013-162,https://shopee.ph/kbeautycafe#product_list,Isntree Hyaluronic Acid Toner 200 ml / Mini,5.0648 sold,599
1759477013-163,https://shopee.ph/kbeautycafe#product_list,Illiyoon Ato Soothing Gel 175 ml,5.03K+ sold,850
1759477013-164,https://shopee.ph/kbeautycafe#product_list,Nine Less A-Control Azelaic Acid Cream,5.074 sold,650
1759477013-165,https://shopee.ph/kbeautycafe#product_list,Frankly Closer Pore Tightening Toner Pads,5.0120 sold,589
1759477013-166,https://shopee.ph/kbeautycafe#product_list,Dr. Althea Pure Grinding Cleansing Balm,5.0205 sold,860
1759477013-167,https://shopee.ph/kbeautycafe#product_list,Heveblue Salmon Caring Centella Cream 100ml,5.063 sold,845
1759477013-168,https://shopee.ph/kbeautycafe#product_list,Eqqualberry Hyaltoin Flooding Serum 30ml,4.9 Shop Rating,"1,119"
1759477013-169,https://shopee.ph/kbeautycafe#product_list,House of Hur Midnight Soothing Cleansing Balm,4.9129 sold,780
1759477013-170,https://shopee.ph/kbeautycafe#product_list,Anua BHA 2% Gentle Exfoliating Toner 150 ml,4.9303 sold,"1,150"
1759477013-171,https://shopee.ph/kbeautycafe#product_list,Pyunkang Yul Essence Toner,5.0319 sold,475
1759477013-172,https://shopee.ph/kbeautycafe#product_list,Klairs Supple Preparation Facial Toner | Unscented Toner,5.010K+ sold,285
1759477013-173,https://shopee.ph/kbeautycafe#product_list,Purito Oat In Gentle Exfoliating Face Cleanser,4.518 sold,890
1759477013-174,https://shopee.ph/kbeautycafe#product_list,"MEDHL Toner Pad - Teatree, Collagen, Retinol, Vitamide*",4.9430 sold,990
1759477013-175,https://shopee.ph/kbeautycafe#product_list,House of Hur Tropical Dew Sun Cream,4.9113 sold,699
1759477013-176,https://shopee.ph/kbeautycafe#product_list,Klairs Freshly Juiced Vitamin E Mask,5.010K+ sold,495
1759477013-177,https://shopee.ph/kbeautycafe#product_list,Anua Heartleaf 77% Clear Toner Pad,4.9803 sold,930
1759477013-178,https://shopee.ph/kbeautycafe#product_list,Round Lab Dokdo Lotion,5.080 sold,840
1759477013-179,https://shopee.ph/kbeautycafe#product_list,Dr. Althea Green Relief Amino Gel Cleanser 100ml,5.0545 sold,650
1759477013-180,https://shopee.ph/kbeautycafe#product_list,Numbuzin No.9 NAD PDRN Glow Boosting Toner 150ml,5.063 sold,990
1759477013-181,https://shopee.ph/kbeautycafe#product_list,By Wishtrend Mandelic Acid 5% Skin Prep Water Miniature,4.9725 sold,480
1759477013-182,https://shopee.ph/kbeautycafe#product_list,Skin1004 Madagascar Centella Hyalu-Cica Brightening Toner 210ml,3.424 sold,699
1759477013-183,https://shopee.ph/kbeautycafe#product_list,Anua Peach 70 Niacin Brightening Collagen Mask,5.048 sold,250
1759477013-184,https://shopee.ph/kbeautycafe#product_list,Benton Aloe BHA Skin Toner,4.9980 sold,560
1759477013-185,https://shopee.ph/kbeautycafe#product_list,Laneige Cream Skin Cerapeptide Refiner,5.01K+ sold,450
1759477013-186,https://shopee.ph/kbeautycafe#product_list,Romand Better Than Cheek,4.9488 sold,335
1759477013-187,https://shopee.ph/kbeautycafe#product_list,Anua Azelaic Acid 10 Hyaluron Redness Soothing Pad (90 Pads),5.035 sold,"1,200"
1759477013-188,https://shopee.ph/kbeautycafe#product_list,VT Cosmetics Reedle Shot 100 | 300 (Sachet),4.9502 sold,135
1759477013-189,https://shopee.ph/kbeautycafe#product_list,By Wishtrend Pore Smoothing Bakuchiol Serum,4.8599 sold,410
1759477013-190,https://shopee.ph/kbeautycafe#product_list,Fully Green Tomato Clay Mask Cleanser 30ml or 120ml,5.071 sold,745
1759477013-191,https://shopee.ph/kbeautycafe#product_list,Axis-Y Spot The Difference Blemish Treatment,4.9360 sold,570
1759477013-192,https://shopee.ph/kbeautycafe#product_list,Round Lab Birch Juice Moisturizing Cream,4.9400 sold,"1,250"
1759477013-193,https://shopee.ph/kbeautycafe#product_list,Anua Heartleaf 70 Daily Lotion,5.0714 sold,"1,150"
1759477013-194,https://shopee.ph/kbeautycafe#product_list,Benton Honest Lip Balm,4.813 sold,230
1759477013-195,https://shopee.ph/kbeautycafe#product_list,Iunik Centella Calming Gel Cream 60ml,4.978 sold,699
1759477013-196,https://shopee.ph/kbeautycafe#product_list,Numbuzin No.3 Porcelain Base-skip Tone Up Beige,4.910K+ sold,899
1759477013-197,https://shopee.ph/kbeautycafe#product_list,Iunik Beta Glucan 3X Barrier Cream 50ml,4.9 Shop Rating2 sold,930
1759477013-198,https://shopee.ph/kbeautycafe#product_list,Numbuzin No. 5 Vitamin Boosting Essential Toner 200mL,5.0339 sold,890
1759477013-199,https://shopee.ph/kbeautycafe#product_list,By Wishtrend Vitamin A-mazing Bakuchiol Night Cream 10g / 30g / Body Lotion,4.92K+ sold,550
1759477013-200,https://shopee.ph/kbeautycafe#product_list,Eqqualberry Purple Rice Pore Purifying Pack Cleanser,5.015 sold,"1,064"
1759477013-201,https://shopee.ph/kbeautycafe#product_list,Eqqualberry Aloe PDRN Calming Serum 30ml,4.9 Shop Rating,"1,119"
1759477013-202,https://shopee.ph/kbeautycafe#product_list,Medicube Zero Pore Pad 2.0 | Pore Pad Mild,4.8252 sold,"1,050"
1759477013-203,https://shopee.ph/kbeautycafe#product_list,Arencia Green Tea + LHA Deep Pore Rice Cake Cleanser,5.040 sold,880
1759477013-204,https://shopee.ph/kbeautycafe#product_list,I'm from Silicon Brush,5.0267 sold,195
1759477013-205,https://shopee.ph/kbeautycafe#product_list,KAINE Vita Drop Serum 30ml,5.03K+ sold,590
1759477013-206,https://shopee.ph/kbeautycafe#product_list,Pyunkang Yul Calming Moisture Barrier Cream,4.9659 sold,550
1759477013-207,https://shopee.ph/kbeautycafe#product_list,Medicube PDRN Pink Peptide Eye Serum 30ml,5.029 sold,900
1759477013-208,https://shopee.ph/kbeautycafe#product_list,Anua Nano Retinol 0.3% + Niacin Renewing Serum,4.9205 sold,"1,480"
1759477013-209,https://shopee.ph/kbeautycafe#product_list,Dr. Althea Skin Relief Essence,5.026 sold,590
1759477013-210,https://shopee.ph/kbeautycafe#product_list,By Wishtrend Mandelic Acid Dark Spot Correcting Serum 30 ml,4.9 Shop Rating1 sold,950
1759477013-211,https://shopee.ph/kbeautycafe#product_list,Eqqualberry Bakuchiol Plumping Capsule Cream 50ml,5.07 sold,"1,192"
1759477013-212,https://shopee.ph/kbeautycafe#product_list,Anua Heartleaf 70% Intense Calming Cream 50ml,5.0486 sold,"1,145"
1759477013-213,https://shopee.ph/kbeautycafe#product_list,Fwee Lip & Cheek Blurry Pudding Pot,4.91K+ sold,899
1759477013-214,https://shopee.ph/kbeautycafe#product_list,House of Hur Every Cheek Blush,5.02 sold,790
1759477013-215,https://shopee.ph/kbeautycafe#product_list,Beauty of Joseon Radiance Cleansing Balm (Renewed Version),5.01K+ sold,850
1759477013-216,https://shopee.ph/kbeautycafe#product_list,"Dear, Klairs Gentle Black Facial Cleanser 20 mL Mini",5.040 sold,285
1759477013-217,https://shopee.ph/kbeautycafe#product_list,Round Lab Dokdo Toner 100ml,5.03 sold,"1,000"
1759477013-218,https://shopee.ph/kbeautycafe#product_list,Purito Wonder Releaf Centella Cream Unscented 50ml,4.847 sold,820
1759477013-219,https://shopee.ph/kbeautycafe#product_list,Haruharu Wonder Centella 4% TXA Gel Serum (previously Centella 4% TXA Dark Spot Go Away Serum),4.92K+ sold,750
1759477013-220,https://shopee.ph/kbeautycafe#product_list,Dr. Althea Green Tea Fresh Sunscreen 45ml,4.954 sold,"1,050"
1759477013-221,https://shopee.ph/kbeautycafe#product_list,The SAEM Cover Perfection Concealer Palette,4.931 sold,789
1759477013-222,https://shopee.ph/kbeautycafe#product_list,Biodance Refreshing Sea Kelp Real Deep Mask (1pc or 4pcs),5.027 sold,280
1759477013-223,https://shopee.ph/kbeautycafe#product_list,Dr. Althea To Be Youthful Eye Serum 25ml,5.027 sold,799
1759477013-224,https://shopee.ph/kbeautycafe#product_list,Frankly Healthy Pores Set [Peptides + Niacinamide],4.892 sold,"1,449"
1759477013-225,https://shopee.ph/kbeautycafe#product_list,Medicube Collagen Firming Sunscreen 50ml,5.010 sold,990
1759477013-226,https://shopee.ph/kbeautycafe#product_list,Tocobo Vita Glazed Lip Mask 20ml | Collagen Boosting Lip Mask,5.073 sold,599
1759477013-227,https://shopee.ph/kbeautycafe#product_list,Haruharu Wonder Black Rice Night Knight Retinol Serum 20ml,5.035 sold,750
1759477013-228,https://shopee.ph/kbeautycafe#product_list,Heveblue Black Yuja Bean Lifting Auto Eye Cream 15ml,5.094 sold,699
1759477013-229,https://shopee.ph/kbeautycafe#product_list,Purito Wonder Releaf Centella Eye Cream Unscented 30ml,5.017 sold,690
1759477013-230,https://shopee.ph/kbeautycafe#product_list,Purito Wonder Releaf Centella TONER Unscented 200ml,5.065 sold,930
1759477013-231,https://shopee.ph/kbeautycafe#product_list,Arencia Holy Hyssop Serum 30 50ml,4.9149 sold,995
1759477013-232,https://shopee.ph/kbeautycafe#product_list,Anua Heartleaf Pore Clay Pack,5.052 sold,735
1759477013-233,https://shopee.ph/kbeautycafe#product_list,Cosrx Two in One Poreless Power Liquid,5.01K+ sold,799
1759477013-234,https://shopee.ph/kbeautycafe#product_list,Numbuzin No.3 Super Glowing Essence Toner,5.0241 sold,"1,100"
1759477013-235,https://shopee.ph/kbeautycafe#product_list,Iunik Beta Glucan Daily Moisture Cream 60ml,5.018 sold,799
1759477013-236,https://shopee.ph/kbeautycafe#product_list,Fwee Lip & Cheek Glowy Jelly Pot,5.045 sold,995
1759477013-237,https://shopee.ph/kbeautycafe#product_list,Kaine Kombu Hydrating Daily Cleanser,5.0125 sold,620
1759477013-238,https://shopee.ph/kbeautycafe#product_list,CosRX Clear Fit Master Patch,5.01K+ sold,130
1759477013-239,https://shopee.ph/kbeautycafe#product_list,Haruharu Wonder Black Rice 5 Ceramide Barrier Moisturizing Cream 50ml,5.023 sold,860
1759477013-240,https://shopee.ph/kbeautycafe#product_list,Heveblue Salmon Caring Centella Ampoule 30ml,5.050 sold,845
1759477013-241,https://shopee.ph/kbeautycafe#product_list,House of Hur Purifying Cleansing Balm 50ml,4.9130 sold,780
1759477013-242,https://shopee.ph/kbeautycafe#product_list,Beauty of Joseon Apricot Blossom Peeling Gel,4.9155 sold,700
1759477013-243,https://shopee.ph/kbeautycafe#product_list,Nineless B-Boost 1% Kojic Acid Serum 30ml,5.0325 sold,650
1759477013-244,https://shopee.ph/kbeautycafe#product_list,Nine Less A-Control Azelaic Acid Toner 150ml,5.037 sold,650
1759477013-245,https://shopee.ph/kbeautycafe#product_list,Pyunkang Yul Calming Low pH Foaming Cleanser 150ml,5.079 sold,415
1759477013-246,https://shopee.ph/kbeautycafe#product_list,Numbuzin No.1 Pantothenic B5 Active Soothing Serum,5.0761 sold,"1,050"
1759477013-247,https://shopee.ph/kbeautycafe#product_list,"MEDHL Daily Sheet Mask Healing Essential Line (Collagen, Tea Tree, Madecassoside, Vita) [10 ea]",4.9481 sold,550
1759477013-248,https://shopee.ph/kbeautycafe#product_list,Numbuzin No.3 Rice Enzyme Skin Softening Cleansing Foam,5.010 sold,710
1759477013-249,https://shopee.ph/kbeautycafe#product_list,Iunik Tea Tree Relief Serum 50ml,5.034 sold,899
1759477013-250,https://shopee.ph/kbeautycafe#product_list,By Wishtrend Mandelic Acid Gentle Exfoliating Toner (Old Name: Mandelic Acid 5% Skin Prep Water),4.910K+ sold,948
1759477013-251,https://shopee.ph/kbeautycafe#product_list,Amuse Jel-Fit Tint 3.8 g,5.0159 sold,650
1759477013-252,https://shopee.ph/kbeautycafe#product_list,Numbuzin No.1 Clear Filter Sun Essence SPF 50+ PA++++,4.9417 sold,950
1759477013-253,https://shopee.ph/kbeautycafe#product_list,Dr. Althea Pore Refresh Grinding Cleansing Balm 50ml,4.9 Shop Rating9 sold,899
1759477013-254,https://shopee.ph/kbeautycafe#product_list,Medicube Turmeric Night Wrapping Mask,5.063 sold,"1,125"
1759477013-255,https://shopee.ph/kbeautycafe#product_list,"Numbuzin Cream (No.3 Velvet Beauty Cream, 4 Daily Multi-Vitamin Cream)",4.9662 sold,"1,050"
1759477013-256,https://shopee.ph/kbeautycafe#product_list,House of HUR Glowy Ampoule Tint,4.9107 sold,495
1759477013-257,https://shopee.ph/kbeautycafe#product_list,Medicube Zero Pore Serum 2.0,5.08 sold,829
1759477013-258,https://shopee.ph/kbeautycafe#product_list,KAINE Chaga Collagen Charging Serum 30ml,5.076 sold,590
1759477013-259,https://shopee.ph/kbeautycafe#product_list,Benton Aloe Propolis Soothing Gel,4.91K+ sold,550
1759477013-260,https://shopee.ph/kbeautycafe#product_list,Tocobo Vita Waterproof Sun Stick,5.026 sold,620
1759477013-261,https://shopee.ph/kbeautycafe#product_list,Purito Hydro Wave Deep Sea Cream 50ml,5.031 sold,850
1759477013-262,https://shopee.ph/kbeautycafe#product_list,Medicube PDRN Booster Gel 300ml,5.040 sold,840
1759477013-263,https://shopee.ph/kbeautycafe#product_list,Isntree Onion Fresh Fluid Sun Cream,5.026 sold,749
1759477013-264,https://shopee.ph/kbeautycafe#product_list,Parnell Cicamanu Serum Cushion 15g,4.710 sold,"1,090"
1759477013-265,https://shopee.ph/kbeautycafe#product_list,Numbuzin No.3 Radiance Glowing Jumbo Essence Pad | No.5 Vitamin-Niacinamide Concentrated Pad,4.9604 sold,995
1759477013-266,https://shopee.ph/kbeautycafe#product_list,Numbuzin No.5+ Glutathione Vitamin Facial Spa Cleanser 200ml,4.721 sold,980
1759477013-267,https://shopee.ph/kbeautycafe#product_list,Jumiso Snail Mucin 95 + Peptide Facial Essence 140ml,5.05K+ sold,950
1759477013-268,https://shopee.ph/kbeautycafe#product_list,Medicube Age-R Mini Booster Pro (White or Pink),5.013 sold,"5,500"
1759477013-269,https://shopee.ph/kbeautycafe#product_list,Arencia Blue Hyssop Rice Mochi Cleanser 120g,4.824 sold,900
1759477013-270,https://shopee.ph/kbeautycafe#product_list,Tocobo Cica Cooling Sun Stick,4.691 sold,650
1759477013-271,https://shopee.ph/kbeautycafe#product_list,Nine Less Mela-Pro Tranexamic Acid Serum 30ml,5.035 sold,699
1759477013-272,https://shopee.ph/kbeautycafe#product_list,Tirtir Milk Skin Toner Light,4.876 sold,"1,199"
1759477013-273,https://shopee.ph/kbeautycafe#product_list,Frankly Betaine 10 Enriched Calming & Softening Serum,5.0159 sold,399
1759477013-274,https://shopee.ph/kbeautycafe#product_list,Tocobo Apple Dewy Fit Cushion,5.012 sold,850
1759477013-275,https://shopee.ph/kbeautycafe#product_list,Medicube PDRN Pink Collagen Toning Gel Toner Pad,5.015 sold,"1,400"
1759477013-276,https://shopee.ph/kbeautycafe#product_list,Cosrx AC Collection Acne Patch,5.02K+ sold,195
1759477013-277,https://shopee.ph/kbeautycafe#product_list,Anua Triple Acid Spot Care Microdart Patch,4.9 Shop Rating1 sold,650
1759477013-278,https://shopee.ph/kbeautycafe#product_list,Heveblue Salmon Fruity Centella Body Cream 300g,5.025 sold,999
1759477013-279,https://shopee.ph/kbeautycafe#product_list,Isntree Chestnut BHA 0.9% Clear Toner,5.084 sold,499
1759477013-280,https://shopee.ph/kbeautycafe#product_list,Klairs Rich Moist Soothing Cream,4.9316 sold,380
1759477013-281,https://shopee.ph/kbeautycafe#product_list,Isntree Hyaluronic Acid Watery Sun Gel (2 Pack),5.05K+ sold,"1,190"
1759477013-282,https://shopee.ph/kbeautycafe#product_list,Frankly Closer Pore Minimizing Mask Pack,5.018 sold,150
1759477013-283,https://shopee.ph/kbeautycafe#product_list,Isntree Hyaluronic Acid Moist Cream,4.9319 sold,699
1759477013-284,https://shopee.ph/kbeautycafe#product_list,House of Hur Brightening / Clearing Skin Prep Essence Pad,5.0167 sold,"1,100"
1759477013-285,https://shopee.ph/kbeautycafe#product_list,KAINE Vegan Collagen Youth Cream 50ml,5.0121 sold,720
1759477013-286,https://shopee.ph/kbeautycafe#product_list,Kaine Caffetinal Cream 50ml,5.015 sold,750
1759477013-287,https://shopee.ph/kbeautycafe#product_list,I'm From Black Rice Toner,5.013 sold,420
1759477013-288,https://shopee.ph/kbeautycafe#product_list,Mixsoon Bean / Bifida / Centella / Galactomyces Toner Pad,5.0103 sold,990
1759477013-289,https://shopee.ph/kbeautycafe#product_list,Frankly Retinol Repair Set [Retinol + Betaine],5.088 sold,"1,297"
1759477013-290,https://shopee.ph/kbeautycafe#product_list,Numbuzin No.2 Rose PDRN Collagen Plumping Serum 30ml,4.9 Shop Rating2 sold,"1,150"
1759477013-291,https://shopee.ph/kbeautycafe#product_list,Medicube PDRN Lip Sleeping Mask,5.015 sold,650
1759477013-292,https://shopee.ph/kbeautycafe#product_list,Numbuzin No.1 Pantothenic B5 Active Drying Powder,5.01K+ sold,480
1759477013-293,https://shopee.ph/kbeautycafe#product_list,Dr. Althea Aqua Glowing Sunscreen 45ml,5.02 sold,"1,050"
1759477013-294,https://shopee.ph/kbeautycafe#product_list,Numbuzin No. 3 Skin Softening Serum 50ml,5.0243 sold,995
1759477013-295,https://shopee.ph/kbeautycafe#product_list,Haruharu Wonder Centella 5% Niacinamide Radiance Gel Cream,4.923 sold,810
1759477013-296,https://shopee.ph/kbeautycafe#product_list,Isntree Hyaluronic Acid Low-pH Cleansing Foam 150 ml,4.868 sold,650
1759477013-297,https://shopee.ph/kbeautycafe#product_list,Numbuzin No. 2 Goodbye Redness Derma Tone Up,5.02K+ sold,950
1759477013-298,https://shopee.ph/kbeautycafe#product_list,Mixsoon Bean Cream 50ml,5.020 sold,"1,199"
1759477013-299,https://shopee.ph/kbeautycafe#product_list,Tocobo Vita Airy Sun Primer,5.010 sold,690
1759477013-300,https://shopee.ph/kbeautycafe#product_list,Isntree Mugwort Calming Ampoule,5.05K+ sold,"1,100"
1759477013-301,https://shopee.ph/kbeautycafe#product_list,Isntree Onion Newpair Sunscreen / Isntree Onion Fresh Light Sun Stick,5.03K+ sold,749
1759477013-302,https://shopee.ph/kbeautycafe#product_list,Arencia Royal Rosehip Cleanser 120g,4.938 sold,900
1759477013-303,https://shopee.ph/kbeautycafe#product_list,Laka Popping Balloon Tint,5.010 sold,720
1759477013-304,https://shopee.ph/kbeautycafe#product_list,Arencia Rice Mucin Glow Serum 30ml,5.09 sold,995
1759477013-305,https://shopee.ph/kbeautycafe#product_list,Numbuzin No.9 NAD Bio Lifting Full Cover Facial Mask (4 pcs.),5.011 sold,995
1759477013-306,https://shopee.ph/kbeautycafe#product_list,House of Hur 3x Capsule Hydro Booster Cream,4.9 Shop Rating,"1,250"
1759477013-307,https://shopee.ph/kbeautycafe#product_list,Heveblue Salmon Caring Centella Light Cleansing Oil 250ml,5.020 sold,899
1759477013-308,https://shopee.ph/kbeautycafe#product_list,Cosrx AC Collection Blemish Spot Clearing Serum,5.0255 sold,980
1759477013-309,https://shopee.ph/kbeautycafe#product_list,Numbuzin No. 1 Easy Peasy Cleansing Oil,5.0407 sold,920
1759477013-310,https://shopee.ph/kbeautycafe#product_list,Anua Airy Sun Cream 50ml,5.011 sold,"1,050"
1759477013-311,https://shopee.ph/kbeautycafe#product_list,Jumiso Snail Mucin 95 + Peptide Facial Essence 50ml,5.07 sold,750
1759477013-312,https://shopee.ph/kbeautycafe#product_list,Haruharu Wonder Centella Sunflower Makeup-Melting Cleansing Balm,5.028 sold,685
1759477013-313,https://shopee.ph/kbeautycafe#product_list,Eqqualberry Collagen Pore-Tight Up Gel Toner Pads (60 Pads),4.9 Shop Rating1 sold,965
1759477013-314,https://shopee.ph/kbeautycafe#product_list,Tocobo Cica Calming Aqua Pad,4.56 sold,650
1759477013-315,https://shopee.ph/kbeautycafe#product_list,Arencia Red Smoothie Serum 8 (30ml),4.842 sold,995
1759477013-316,https://shopee.ph/kbeautycafe#product_list,Purito Mighty Bamboo Panthenol Serum,4.9 Shop Rating4 sold,995
1759477013-317,https://shopee.ph/kbeautycafe#product_list,Haruharu Wonder Centella Phyto & 5 Peptide Concentrate Cream 30ml,4.939 sold,799
1759477013-318,https://shopee.ph/kbeautycafe#product_list,Numbuzin No.5+ Vitamin Glutathione Dark Spot Laser Cream 50ml,5.01K+ sold,980
1759477013-319,https://shopee.ph/kbeautycafe#product_list,Arencia Fresh Calendula Rice Mochi Cleanser 120g,4.018 sold,900
1759477013-320,https://shopee.ph/kbeautycafe#product_list,Isntree Hyaluronic Acid Airy Sun Stick,4.9687 sold,790
1759477013-321,https://shopee.ph/kbeautycafe#product_list,Kaine Green Calm Aqua Cream,5.063 sold,599
1759477013-322,https://shopee.ph/kbeautycafe#product_list,CosRX Centella Blemish Cream,5.0999 sold,799
1759477013-323,https://shopee.ph/kbeautycafe#product_list,Benton Honest Black Eyelash Serum 8ml,5.014 sold,950
1759477013-324,https://shopee.ph/kbeautycafe#product_list,Numbuzin No.1 Centella Re-Leaf Green Toner Pad,5.09 sold,"1,200"
1759477013-325,https://shopee.ph/kbeautycafe#product_list,Eqqualberry Purple Rice Pore Smoothing Cleansing Oil,5.02 sold,"1,112"
1759477013-326,https://shopee.ph/kbeautycafe#product_list,Fully Green Tomato Serum 30ml,4.9 Shop Rating1 sold,809
1759477013-327,https://shopee.ph/kbeautycafe#product_list,AOU Floofy Matte Balm,4.9 Shop Rating4 sold,995
1759477013-328,https://shopee.ph/kbeautycafe#product_list,Anua 3 Ceramide Panthenol Moisture Barrier Cream,5.025 sold,"1,350"
1759477013-329,https://shopee.ph/kbeautycafe#product_list,Arencia Rice Mucin Cleanser 120g,5.09 sold,900
1759477013-330,https://shopee.ph/kbeautycafe#product_list,Kaine Kombu Jelly Oil Cleanser 145ml,4.520 sold,750
1759477013-331,https://shopee.ph/kbeautycafe#product_list,Anua Ultra Thin Spot Cover Patch (75ea),4.9 Shop Rating16 sold,650
1759477013-332,https://shopee.ph/kbeautycafe#product_list,Tocobo Collagen Boosting Lip Mask 20ml,5.05 sold,650
1759477013-333,https://shopee.ph/kbeautycafe#product_list,Eqqualberry Collagen Glow Up Gel Toner Pads (60 Pads),4.9 Shop Rating4 sold,965
1759477013-334,https://shopee.ph/kbeautycafe#product_list,Tocobo Cica Calming Sun Serum,4.748 sold,650
1759477013-335,https://shopee.ph/kbeautycafe#product_list,Medicube Age-R Booster Pro Ex (Pink),4.548 sold,"13,500"
1759477013-336,https://shopee.ph/kbeautycafe#product_list,Anua Birch Moisture Boosting Cream 50ml,5.01K+ sold,950
1759477013-337,https://shopee.ph/kbeautycafe#product_list,Hyaah Licorice First Essence 200ml,5.04 sold,"1,200"
1759477013-338,https://shopee.ph/kbeautycafe#product_list,By Wishtrend Pore Smoothing Bakuchiol Sun Stick,4.733 sold,990
1759477013-339,https://shopee.ph/kbeautycafe#product_list,Cosrx The Hyaluronic Acid 3 Serum,5.0103 sold,899
1759477013-340,https://shopee.ph/kbeautycafe#product_list,Tocobo Cica Calming Gel Cream,5.012 sold,650
1759477013-341,https://shopee.ph/kbeautycafe#product_list,Purito From Green Cleansing Oil,5.045 sold,899
1759477013-342,https://shopee.ph/kbeautycafe#product_list,Anua Rice Enzyme Brightening Cleansing Powder 40g,5.050 sold,950
1759477013-343,https://shopee.ph/kbeautycafe#product_list,Numbuzin No.5 Goodbye Blemish Serum,4.942 sold,995
1759477013-344,https://shopee.ph/kbeautycafe#product_list,Klairs Midnight Blue Calming Cream,5.0223 sold,"1,095"
1759477013-345,https://shopee.ph/kbeautycafe#product_list,I'm from Rice Toner Pad,5.015 sold,880
1759477013-346,https://shopee.ph/kbeautycafe#product_list,Needly Cicahid Chilling Pad,5.03 sold,899
1759477013-347,https://shopee.ph/kbeautycafe#product_list,Numbuzin No.2 Rose PDRN Collagen 2X Plumping Serum 30ml (Jar),4.9 Shop Rating3 sold,"1,200"
1759477013-348,https://shopee.ph/kbeautycafe#product_list,Klairs Rich Moist Soothing Serum,4.9144 sold,899
1759477013-349,https://shopee.ph/kbeautycafe#product_list,Medicube Zero Pore Moisture Sun Serum 50ml,4.9 Shop Rating1 sold,750
1759477013-350,https://shopee.ph/kbeautycafe#product_list,Dr. Ceuracle Vegan Kombucha Tea Essence / Gel Cream,4.9246 sold,"1,100"
1759477013-351,https://shopee.ph/kbeautycafe#product_list,Purito Wonder Releaf Centella BB Cushion,4.9 Shop Rating,"1,300"
1759477013-352,https://shopee.ph/kbeautycafe#product_list,Klairs Gentle Black Deep or Fresh Cleansing Oil,4.9214 sold,895
1759477013-353,https://shopee.ph/kbeautycafe#product_list,I'm from Vitamin Tree Water-Gel,4.969 sold,899
1759477013-354,https://shopee.ph/kbeautycafe#product_list,Isntree Onion Newpair Booster Shot 2000,4.940 sold,989
1759477013-355,https://shopee.ph/kbeautycafe#product_list,Mixsoon Galactomyces Ferment Essence 100ml,5.08 sold,"1,099"
1759477013-356,https://shopee.ph/kbeautycafe#product_list,Beauty of Joseon Jelloskin Massage Cream For Face and Body,5.011 sold,"1,230"
1759477013-357,https://shopee.ph/kbeautycafe#product_list,By Wishtrend Propolis Energy Boosting Essence,5.05 sold,999
1759477013-358,https://shopee.ph/kbeautycafe#product_list,Needly Vita C Glow Jelly Pad,4.9 Shop Rating3 sold,939
1759477013-359,https://shopee.ph/kbeautycafe#product_list,Numbuzin No.3 Pore & Makeup Cleansing Balm with Green Tea and Charcoal,5.068 sold,880
1759477013-360,https://shopee.ph/kbeautycafe#product_list,Iunik Centella Green Fresh Cleansing Oil 200ml,4.9 Shop Rating4 sold,950
1759477013-361,https://shopee.ph/kbeautycafe#product_list,Arencia Holy Hyssop Serum 12 30ml,5.017 sold,995
1759477013-362,https://shopee.ph/kbeautycafe#product_list,Dr. Althea Gentle Pore Cleansing Oil 150ml,5.04 sold,899
1759477013-363,https://shopee.ph/kbeautycafe#product_list,Anua Birch Moisture Boosting Serum 30ml,5.014 sold,950
1759477013-364,https://shopee.ph/kbeautycafe#product_list,ACWELL Licorice pH Balancing Cleansing Toner,5.012 sold,990
1759477013-365,https://shopee.ph/kbeautycafe#product_list,Isntree Onion Newpair GEL Cream 50 ml,4.819 sold,"1,100"
1759477013-366,https://shopee.ph/kbeautycafe#product_list,Tocobo Calamine Pore Control Cleansing Oil 200ml,5.020 sold,750
1759477013-367,https://shopee.ph/kbeautycafe#product_list,I'm from Vitamin Tree Water Gel Advanced 75g,5.05 sold,899
1759477013-368,https://shopee.ph/kbeautycafe#product_list,Klairs Rich Moist Foaming Cleanser,4.942 sold,940
1759477013-369,https://shopee.ph/kbeautycafe#product_list,Anua Birch Moisture Boosting Toner 250ml,4.9 Shop Rating4 sold,950
1759477013-370,https://shopee.ph/kbeautycafe#product_list,[GIFT] Frankly Sunday Glow Serum Samples (5 pcs.),4.9254 sold,"10,000"