web-scraper-order,web-scraper-start-url,Name,Units sold,Price
1759480126-1,https://shopee.com.my/ippuni#product_list,FOCALLURE FA01 Highlighter & Contour Stick (11 Colours),2k+ sold,8.30
1759480126-2,https://shopee.com.my/ippuni#product_list,[CLEARANCE] Exp 17 Nov~28 Dec 2025 FOCALLURE FA01 Highlighter & Contour Stick,5k+ sold,1.00
1759480126-3,https://shopee.com.my/ippuni#product_list,[CLEARANCE] 17 Oct 2025 IRENEDA IR E04 Two Tone Glitter Eyeshadow Stick Shimmer 2 in 1 Stick Double Colors ( 5kinds),101 sold,1.00
1759480126-4,https://shopee.com.my/ippuni#product_list,FOCALLURE FA30 Liquid Foundation | Fair Light Medium Beige Tan (8shade),1k+ sold,11.50
1759480126-5,https://shopee.com.my/ippuni#product_list,YELLO Oatmeal Turmeric Mask & Scrub OTMS 150g,4k+ sold,30.00
1759480126-6,https://shopee.com.my/ippuni#product_list,PINKFLASH E01 Lock All Day Eyeliner (3kinds),5k+ sold,7.00
1759480126-7,https://shopee.com.my/ippuni#product_list,FOCALLURE FA162 Covermax Full Coverage Longlasting Matte Cushion Foundation BB Cream,41 sold,19.15
1759480126-8,https://shopee.com.my/ippuni#product_list,DR.ALTHEA 345 Relief Cream 50ml KRIM,566 sold,45.00
1759480126-9,https://shopee.com.my/ippuni#product_list,Beauty Of Joseon Relief Sun : Rice + Probiotics (SPF50+ PA++++) 10/50ml [Rice Extract+ Grain fermented],526 sold,12.39
1759480126-10,https://shopee.com.my/ippuni#product_list,FOCALLURE FA20 Three colors Bronzer Highlighter/Contour/Blush (3 kinds),591 sold,12.68
1759480126-11,https://shopee.com.my/ippuni#product_list,FOCALLURE FA15 Matte Oil Control Loose Setting Powder (10 Shade ),10k+ sold,11.90
1759480126-12,https://shopee.com.my/ippuni#product_list,"TIRTIR Mask Fit Aura Silver Grey Cushion Foundation 18g ( Dewy Finish, Semi Glow Finish, Natural Coverage)",1k+ sold,85.50
1759480126-13,https://shopee.com.my/ippuni#product_list,LANEIGE Lip Sleeping Mask 3g / 8g / 20g,20k+ sold,14.80
1759480126-14,https://shopee.com.my/ippuni#product_list,FOCALLURE F42 Soft Blush Cream Multi Use Lip Cheeks Eyes Rosy Effect Blusher (10 kinds),92 sold,15.29
1759480126-15,https://shopee.com.my/ippuni#product_list,FOCALLURE FA256 Flawless Longwear Foundation (4colours),59 sold,16.90
1759480126-16,https://shopee.com.my/ippuni#product_list,TirTir Mask Fit Red Cushion 18/4.5/1g (12 shades),2k+ sold,18.70
1759480126-17,https://shopee.com.my/ippuni#product_list,PINKFLASH L09 Watery Glam Lipgloss (9Types),587 sold,5.14
1759480126-18,https://shopee.com.my/ippuni#product_list,[CLEARANCE] Exp 14 Dec 2025 FOCALLURE FA236 Stay Matte Oil Control Pressed Powder (2colours),57 sold,6.89
1759480126-19,https://shopee.com.my/ippuni#product_list,LANEIGE Lip Sleeping Mask EX 3g,9k+ sold,13.90
1759480126-20,https://shopee.com.my/ippuni#product_list,ANUA Heartleaf Pore Control Cleansing Oil 30ml/200ml,114 sold,13.23
1759480126-21,https://shopee.com.my/ippuni#product_list,[CLEARANCE] Exp 17 Dec 2025 FOCALLURE FA210 Airy fit Lip Glaze Creamy Lip Eye Cheek Velvet Matte Lip Cream #101,20 sold,3.99
1759480126-22,https://shopee.com.my/ippuni#product_list,FOCALLURE FA F43 Pro 3D Dewy Glow Cream Highlighter Stick/ FA F44 Easy Apply Contouring Cream,39 sold,16.23
1759480126-23,https://shopee.com.my/ippuni#product_list,SKIN1004 Madagascar Centella Ampoule | Soothing Barrier 30ml/55ml/100ml,324 sold,30.00
1759480126-24,https://shopee.com.my/ippuni#product_list,PLYN Moonlit Glow Cushion Foundation [#04 Amber] Satin Finish Full Coverage Long Lasting Foundation,2 sold,59.90
1759480126-25,https://shopee.com.my/ippuni#product_list,FOCALLURE FA E11 Pro Palette Tri-color DIY Eyeshadow (16 kinds) / T23 DIY Palette Empty Eyeshadow Case,2k+ sold,10.67
1759480126-26,https://shopee.com.my/ippuni#product_list,FOCALLURE FA22 Long Lasting Matte Lipstick Colour Vampire Cosplay Halloween,2k+ sold,4.85
1759480126-27,https://shopee.com.my/ippuni#product_list,FOCALLURE FA96 Makeup Long Lasting Shine-Free Matte finish Setting Spray Lightweight Quick Absorption,217 sold,24.09
1759480126-28,https://shopee.com.my/ippuni#product_list,[NEW!] PLYN Moonlit Glow Cushion Foundation Flawless Satin Finish Full High Coverage Acne Friendly 12g,22 sold,59.90
1759480126-29,https://shopee.com.my/ippuni#product_list,[CLEARANCE] Exp Dec 2025 PYUNKANG YUL Essence Toner 100ml/200ml,10k+ sold,11.99
1759480126-30,https://shopee.com.my/ippuni#product_list,Focallure  FA208 Jelly-Clear Dewy Lip Glossy Tint （17 Type),2k+ sold,8.67
1759480126-31,https://shopee.com.my/ippuni#product_list,SKIN1004 Madagascar Centella Light Cleansing Oil 200ml,154 sold,69.80
1759480126-32,https://shopee.com.my/ippuni#product_list,[CLEARANCE] Exp Nov 2025~Jan 2026 FOCALLURE FA243 Long Wear Waterproof Ultra-slim 1.7mm Defined Gel Eyeliner  (7 Colour),7k+ sold,7.40
1759480126-33,https://shopee.com.my/ippuni#product_list,PLYN Moonlit Glow Cushion Foundation [#01 Ivory] Satin Finish Full Coverage Long Lasting Foundation,5 sold,59.90
1759480126-34,https://shopee.com.my/ippuni#product_list,PLYN Moonlit Glow Cushion Foundation [#02 Beige] Satin Finish Full Coverage Long Lasting Foundation,6 sold,59.90
1759480126-35,https://shopee.com.my/ippuni#product_list,FOCALLURE FA195 Glittering Liquid Eyeshadow  Quick-Drying Starlight Eye Shades  (7 Types),10k+ sold,7.58
1759480126-36,https://shopee.com.my/ippuni#product_list,FOCALLURE FA L15 Pro Stain Airy Matte Velvet Blur Transferproof Lip Cream (6 colours),527 sold,9.20
1759480126-37,https://shopee.com.my/ippuni#product_list,QXQY Rotate The Eyeliner Stamp Pen  [ Black Colour],4 sold,12.34
1759480126-38,https://shopee.com.my/ippuni#product_list,FOCALLURE FA150 Staymax Poreless Matte Foundation (8 shades),49 sold,14.63
1759480126-39,https://shopee.com.my/ippuni#product_list,BEAUTY OF JOSEON Relief Sun:Rice+Probiotics 50ml /Aqua Fresh/Matte Sun Stick 18g/ Ginseng Moist Sun Serum SPF50+ PA++++,5k+ sold,12.39
1759480126-40,https://shopee.com.my/ippuni#product_list,Dr.Althea 345 Relief Cream / 147 Barrier Cream 50ml,2k+ sold,45.00
1759480126-41,https://shopee.com.my/ippuni#product_list,3W Clinic Penjagaan Kulit Intensive/Collagen/Vita Moist/Premium UV Sunblock Suncream Refreshing Anti UV  SPF 50 PA+++,300k+ sold,6.70
1759480126-42,https://shopee.com.my/ippuni#product_list,JUMISO Snail Mucin 95 + Peptide Facial Essence 140ml/5ml,5k+ sold,15.00
1759480126-43,https://shopee.com.my/ippuni#product_list,TIRTIR Mask Fit Red Cushion Shade Trial Kit Sachet (1g*6ea),1k+ sold,18.80
1759480126-44,https://shopee.com.my/ippuni#product_list,DAUGHTERS OF MALAYA Summertime Ceramide Liquid Moisturizer (SCLM) 185ml/50ml,5k+ sold,30.00
1759480126-45,https://shopee.com.my/ippuni#product_list,DAUGHTERS OF MALAYA Moisturizer SCLM/Sulfur Spot Drying Lotion(SSDL)/ Jelly Cleanser/ Serum (PBRS)/ Sunscreen,10k+ sold,35.00
1759480126-46,https://shopee.com.my/ippuni#product_list,FOCALLURE FA-L14 Pro-ink Watery To Blur Lasting Lip Tint (4colours),82 sold,18.69
1759480126-47,https://shopee.com.my/ippuni#product_list,"Beauty Of Joseon Best Collection Ginseng Essence, Ginseng Eye Cream, Rice Sunscreen, Glow Serum, Cleanser",4k+ sold,15.00
1759480126-48,https://shopee.com.my/ippuni#product_list,Axis-Y Penjagaan Kulit Dark Spot Correcting Glow Serum 1.5ml/5ml / 50ml / Mini Glow Set,30k+ sold,9.29
1759480126-49,https://shopee.com.my/ippuni#product_list,JUMISO Waterfull Hyaluronic Toner 1ml/250ml,1k+ sold,49.90
1759480126-50,https://shopee.com.my/ippuni#product_list,HOUSE OF HUR Moist Ampoule Blusher 10ml/20ml (6shades),17 sold,29.90
1759480126-51,https://shopee.com.my/ippuni#product_list,PLYN Moonlit Glow Cushion Foundation Satin Finish Full Coverage Acne Friendly [#05 Sienna],1 sold,59.90
1759480126-52,https://shopee.com.my/ippuni#product_list,PINKFLASH E18 2 in 1 Glitter Shimmer All Glow Liquid Eyeshadow (5Type),6k+ sold,8.04
1759480126-53,https://shopee.com.my/ippuni#product_list,IPPUNI Kosmetik Makeup Beauty Sponge Round + Angled Soft Beauty Egg Blender Tools (gift set 2 pcs),7k+ sold,1.00
1759480126-54,https://shopee.com.my/ippuni#product_list,FOCALLURE FA08 10 Colours Eyeshadow Palette with Eyeshadow Brush (4 types),140 sold,14.49
1759480126-55,https://shopee.com.my/ippuni#product_list,ANUA Best Collection Heartleaf 77% Soothing Toner/ Clear Pad / Peach 77 Toner Cream Serum/Cleansing Oil/TXA/Sun Cream,2k+ sold,19.90
1759480126-56,https://shopee.com.my/ippuni#product_list,MARY & MAY Mask 30EA [ Niacin Vit C /Collagen Peptide/ Cica Houttuynia/Hyaluronic/ Idebenon Blackberry 20EA ],7k+ sold,30.00
1759480126-57,https://shopee.com.my/ippuni#product_list,FOODAHOLIC Multi Sun Cream SPF50+ PA+++ 70ml,10k+ sold,1.00
1759480126-58,https://shopee.com.my/ippuni#product_list,BEAUTY OF JOSEON Sunscreen Relief Sun : Rice + Probiotics SPF50+ PA++++ 10ml,771 sold,12.39
1759480126-59,https://shopee.com.my/ippuni#product_list,ANUA Heartleaf Pore Control Cleansing Oil 30ml/200ml / Mild Sensitive Skin 200ml,875 sold,13.95
1759480126-60,https://shopee.com.my/ippuni#product_list,MEDICUBE Zero Pore Pad 2.0 100ml 70pads / Deep Vita C Pad 70ea,676 sold,72.45
1759480126-61,https://shopee.com.my/ippuni#product_list,FOCALLURE FA70 Makeup Brushes Kit Soft Touching (6pcs without bag / 10pcs with bag),713 sold,19.50
1759480126-62,https://shopee.com.my/ippuni#product_list,COSRX Low pH Good Morning Gel Cleanser 150ml,1k+ sold,29.90
1759480126-63,https://shopee.com.my/ippuni#product_list,PINKFLASH L15 Water Ink Lightweight Lip Tint (9colours),434 sold,2.49
1759480126-64,https://shopee.com.my/ippuni#product_list,Biodance Bio-Collagen / Hydro Cera-nol / Vita Niacincamide / Sea Kelp Real Deep Mask (34gx4ea per box) / 1 ea,5k+ sold,15.99
1759480126-65,https://shopee.com.my/ippuni#product_list,EQQUALBERRY Swimming Pool Toner 155ml/300ml / Swimming Pool Ampoule 50ml,442 sold,30.00
1759480126-66,https://shopee.com.my/ippuni#product_list,PINKFLASH E14 Eyebrow Styling Soap,98 sold,9.99
1759480126-67,https://shopee.com.my/ippuni#product_list,FOCALLURE FA13 intense Liquid Waterproof Eyeliner pen,5k+ sold,6.37
1759480126-68,https://shopee.com.my/ippuni#product_list,FOCALLURE FA230 Soft Matte Complete Concealer (5 colour),45 sold,15.18
1759480126-69,https://shopee.com.my/ippuni#product_list,COSRX Full Fit Propolis Synergy Calming Hydrating Toner 50ml/150ml,651 sold,47.70
1759480126-70,https://shopee.com.my/ippuni#product_list,FOCALLURE FA24 Liquid Matte Waterproof Long Lasting Lipstick (7colours),141 sold,8.80
1759480126-71,https://shopee.com.my/ippuni#product_list,FOCALLURE FA82 30 Colours Pan Glitter Shimmer Matte Eyeshadow Palette Endless Possibilites Collection #C30,3 sold,47.53
1759480126-72,https://shopee.com.my/ippuni#product_list,VT Cosmetic Reedle Shot 50/100/300 50ml,606 sold,96.00
1759480126-73,https://shopee.com.my/ippuni#product_list,Axis-Y Penjagaan Kulit Dark Spot Correcting Glow Serum 5ml,2 sold,9.49
1759480126-74,https://shopee.com.my/ippuni#product_list,FOCALLURE FA201 Perfect Base Oil-Control Poreless Matte Loose Powder,90 sold,17.10
1759480126-75,https://shopee.com.my/ippuni#product_list,QXQY Soft Mist Velvet Setting Powder (2 Shades),,25.80
1759480126-76,https://shopee.com.my/ippuni#product_list,Anua Heartleaf 77% Soothing Toner 40/250/500ml [ Soothing+Acne Care+Sebum Care],313 sold,19.80
1759480126-77,https://shopee.com.my/ippuni#product_list,Naturie Hatomugi Skin Conditioner Lotion 500ml (Toner) /Skin Conditioning Gel (Moisturizer)/Skin Conditioning Milk,4k+ sold,29.90
1759480126-78,https://shopee.com.my/ippuni#product_list,SPLOO Kids Foam Soap [Pink/Blue] 200ml | Gentle Shapeable Fun Soft Foam Bubbles Bath Cleanser For Children,252 sold,33.00
1759480126-79,https://shopee.com.my/ippuni#product_list,FOCALLURE FA04 Eyebrow powder (3Types),7k+ sold,9.99
1759480126-80,https://shopee.com.my/ippuni#product_list,PINKFLASH PF E23 Pink Game 3 Pan Giltter Eyeshadow Palette (15 Shades) *New Colour Available*,384 sold,13.20
1759480126-81,https://shopee.com.my/ippuni#product_list,FOCALLURE FA F39 Pro Palette DIY Soft Pigment Blush Blusher (5 kinds),18 sold,9.70
1759480126-82,https://shopee.com.my/ippuni#product_list,BEAUTY OF JOSEON Revive Serum / Glow Serum / Calming Serum / Glow Deep Serum 30ml,4k+ sold,44.23
1759480126-83,https://shopee.com.my/ippuni#product_list,FOCALLURE  FA179 Clay Pillowy Soft Liquid Lipstick（24 Type),385 sold,6.64
1759480126-84,https://shopee.com.my/ippuni#product_list,YELLO Oatmeal Turmeric Mask & Scrub OTMS / Snowmeric Hydra Boost Brightening Serum/OATMINO/Oatellia/Cynara Supple,5k+ sold,29.00
1759480126-85,https://shopee.com.my/ippuni#product_list,PRAMY Moisturizing Makeup Setting Spray White (Dewy Fnish) / Black (Matte Finsih) 30ml/ 100ml,167 sold,25.50
1759480126-86,https://shopee.com.my/ippuni#product_list,HEVEBLUE Salmon Caring Centella Cream 100ml /Toner 200ml /Ampoule 30ml,4 sold,95.90
1759480126-87,https://shopee.com.my/ippuni#product_list,PINKFLASH F21 Double Shaping Magic Shaping Duo Makeup Stick (8Type),920 sold,9.66
1759480126-88,https://shopee.com.my/ippuni#product_list,ISNTREE Hyaluronic Acid Watery Sun Gel 10ml/50ml,5k+ sold,8.90
1759480126-89,https://shopee.com.my/ippuni#product_list,PINKFLASH PF L13 Duo Colour Lip Gloss (14KINDS),2k+ sold,6.90
1759480126-90,https://shopee.com.my/ippuni#product_list,Anua Heartleaf Quercetinol Pore Deep Cleansing Foam 150ml [Houttuynia Cordata+ Salicylic Acid],172 sold,47.00
1759480126-91,https://shopee.com.my/ippuni#product_list,FOCALLURE FA L22 Pro Juicy Gloss Lasting Dewy Lip cream (9 colours),200 sold,18.59
1759480126-92,https://shopee.com.my/ippuni#product_list,IRENEDA IR F05 Fluffy Matte Setting Powder (3kinds),28 sold,10.12
1759480126-93,https://shopee.com.my/ippuni#product_list,Budget Friendly Penjagaan Kulit Sunscreen 3W Clinic Intensive Sunscreen / Anjo Professional 365 Sun Cream,1k+ sold,6.70
1759480126-94,https://shopee.com.my/ippuni#product_list,EQQUALBERRY Bakuchiol Plumping Anti-Aging Serum/Vitamin Illuminating Serum 30ml,72 sold,70.40
1759480126-95,https://shopee.com.my/ippuni#product_list,ZARZOU Juicy Glow Lip Glaze Hydrating Lip Gloss  (3 Colour),1 sold,24.90
1759480126-96,https://shopee.com.my/ippuni#product_list,[CLEARANCE] Exp 21 Dec 2025 FOCALLURE FA369 Creamy Duo Gel Undereye Eyeliner  (2 colour),52 sold,6.17
1759480126-97,https://shopee.com.my/ippuni#product_list,IPPUNI Reusable Microfiber Makeup Eraser Puff Washable Face Cleansing Tool,7k+ sold,1.00
1759480126-98,https://shopee.com.my/ippuni#product_list,EQQUALBERRY Bakuchiol Plumping Serum 30ml,260 sold,70.40
1759480126-99,https://shopee.com.my/ippuni#product_list,[CLEARANCE] Exp 15 Nov 2025 FOCALLURE RC01/ SP01 Purifying Deep Cleansing Balm 8g/75ml,61 sold,4.14
1759480126-100,https://shopee.com.my/ippuni#product_list,[CLEARANCE] Jan~April 2026 3W Clinic Wrinkle Dark Circle Hydrating Firming Eye Cream Black Pearl/Honey/Hyaluronic 40ml,5k+ sold,4.00
1759480126-101,https://shopee.com.my/ippuni#product_list,SEOUL 4PM Galactomyces Niacinamide Toner / Serum /Gel Cleanser / Cream/Soothing Gel/ Retinol/Snail Essence/Sun Stick,628 sold,24.21
1759480126-102,https://shopee.com.my/ippuni#product_list,[CLEARANCE] Exp 10 Jan 2026 3W CLINIC Intensive Dr.Kim Sun Mist SPF40 PA++ 50ml,41 sold,6.99
1759480126-103,https://shopee.com.my/ippuni#product_list,PRAMY Moisturizing Makeup Setting Spray White (Dewy Fnish)  30ml/ 100ml,15 sold,25.50
1759480126-104,https://shopee.com.my/ippuni#product_list,ILLIYOON  Ceramide Ato Soothing Gel 175ml,64 sold,64.90
1759480126-105,https://shopee.com.my/ippuni#product_list,SOMEBYMI Yuja Niacin Brightening Toner 150ml,217 sold,45.01
1759480126-106,https://shopee.com.my/ippuni#product_list,Anua Heartleaf 77% Soothing Toner MINI 40ml  [ Soothing+Acne Care+Sebum Care],9 sold,11.88
1759480126-107,https://shopee.com.my/ippuni#product_list,FOCALLURE FA18 Auto Brows Pen (3colours),5k+ sold,7.99
1759480126-108,https://shopee.com.my/ippuni#product_list,BEAUTY OF JOSEON Ginseng Cleansing Oil Makeup Remover 210ml,728 sold,64.33
1759480126-109,https://shopee.com.my/ippuni#product_list,JOY.RIA Fragrance Body Mist Perfume Spray For Women Floral Fruity Musky Scent 236ml,8 sold,58.00
1759480126-110,https://shopee.com.my/ippuni#product_list,[CLEARANCE] Exp 13 Feb 2026 FOCALLURE FA330 Essence Rich Lip Oil (Daily Lip Oil/Day and Night lip oil),1k+ sold,6.11
1759480126-111,https://shopee.com.my/ippuni#product_list,NATURE REPUBLIC Aloe Vera 92% Soothing Gel 300ml,707 sold,21.90
1759480126-112,https://shopee.com.my/ippuni#product_list,SKIN1004 Madagascar Centella Ampoule Foam 20ml/125ml,59 sold,63.50
1759480126-113,https://shopee.com.my/ippuni#product_list,SKIN1004 Hyalu-Cica Sun Serum /Poremizing Fresh Ampoule / Toning Toner/Cleansing Oil/Ampoule Foam /Ampoule,60 sold,34.30
1759480126-114,https://shopee.com.my/ippuni#product_list,PRAMY Moisturizing Makeup Setting Spray Black (Matte Finsih) 30ml/100ml,9 sold,25.50
1759480126-115,https://shopee.com.my/ippuni#product_list,PLYN Moonlit Glow Cushion Foundation [#03 Sand] Satin Finish Full Coverage Long Lasting Foundation,5 sold,59.90
1759480126-116,https://shopee.com.my/ippuni#product_list,[CLEARANCE] Exp Oct 2025 HEALEZ Ultra Defensive Calming Cleanser 150ml,,21.96
1759480126-117,https://shopee.com.my/ippuni#product_list,PINKFLASH PF E17 Pink Definer 3 in 1 Multi Use Eyebrow Pencil Brow Razor Teardrop Tip Spoolie Brush (3shades),67 sold,10.58
1759480126-118,https://shopee.com.my/ippuni#product_list,BEAUTY OF JOSEON Relief Sun Aqua-Fresh : Rice + B5 SPF50+ PA++++ 50ml (For Oily To Combination Skin),104 sold,58.20
1759480126-119,https://shopee.com.my/ippuni#product_list,FOCALLURE FA73 Eyeliner/ Eyebrow Brush,298 sold,5.99
1759480126-120,https://shopee.com.my/ippuni#product_list,THE 1001 SENSES Hair & Body Mist Perfume Travel Friendly Floral Fruity Scent Unisex 90ml (4 Scents),7 sold,14.90
1759480126-121,https://shopee.com.my/ippuni#product_list,Numbuzin No.5 Vitamin-Niacinamide Concentrated Pad (70Pads),188 sold,72.73
1759480126-122,https://shopee.com.my/ippuni#product_list,TirTir Milk Skin Toner Refreshing Skin / Milk Skin Toner Light 20ml/150ml,276 sold,96.00
1759480126-123,https://shopee.com.my/ippuni#product_list,SOMEBYMI Galactomyces Pure Vitamin C Whitening Serum 30ml,1k+ sold,56.38
1759480126-124,https://shopee.com.my/ippuni#product_list,FOCALLURE FA161 Four-head bifurcation Three Fluffmax Tinted eyebrow Ink Pen (3types),10k+ sold,7.10
1759480126-125,https://shopee.com.my/ippuni#product_list,KSECRET SEOUL 1988 Serum : Retinal Liposome 2% + Black Ginseng 30ml,6 sold,69.90
1759480126-126,https://shopee.com.my/ippuni#product_list,Numbuzin No.3 Super Glowing Essence Toner 100ml/200ml,308 sold,59.29
1759480126-127,https://shopee.com.my/ippuni#product_list,PINKFLASH L01 Melting Matte Lipcream (18 Colours),10k+ sold,5.25
1759480126-128,https://shopee.com.my/ippuni#product_list,SOMEBYMI Yuja Niacin Brightening Toner / Serum /Vita Tox/Charcoal Bubble Mask/Correcting stick/Blemish Cream/ Daily Mask,10k+ sold,45.11
1759480126-129,https://shopee.com.my/ippuni#product_list,[CLEARANCE] Exp Nov 2025 DAUGHTERS OF MALAYA Post-Breakout Recovery Serum (PBRS) 30ml,1 sold,32.45
1759480126-130,https://shopee.com.my/ippuni#product_list,SOMEBYMI AHA BHA PHA 30 Days Miracle Cream 50ml,2k+ sold,54.50
1759480126-131,https://shopee.com.my/ippuni#product_list,BEAUTY OF JOSEON Ground Rice and Honey Glow Mask 150ml,261 sold,58.68
1759480126-132,https://shopee.com.my/ippuni#product_list,[CLEARANCE] Exp 15 Mar 2026 SEOUL 4PM Galactomyces Ceramide Cream mini 20ml,3 sold,8.40
1759480126-133,https://shopee.com.my/ippuni#product_list,ZARZOU Trace Free Facial Wipes Makeup Remover Tissue Wipes,20 sold,9.90
1759480126-134,https://shopee.com.my/ippuni#product_list,[PAYDAY SALE BUNDLE] SPLOO Kids Foam Soap Blue Pink 200ml | Gentle Shapeable Moldable Foam Bubbles Bath Cleanser,,64.90
1759480126-135,https://shopee.com.my/ippuni#product_list,HEALEZ x NL Alchemist LIPBLOSSOM Treatment Volumizer Gloss 5in1 Lip Treatment: Plumper+Gloss+Balm+Gentle Exfoliator,37 sold,79.90
1759480126-136,https://shopee.com.my/ippuni#product_list,ANUA Rice 70 Glow Milky Toner 250ml,124 sold,69.30
1759480126-137,https://shopee.com.my/ippuni#product_list,SOMEBYMI AHA BHA PHA 30 Days Miracle Serum 14/50ml,2k+ sold,56.38
1759480126-138,https://shopee.com.my/ippuni#product_list,ANUA Peach 70% Niacinamide Serum 30ml / Peach 77 Niacin Enriched Cream 50ml / Peach 77 Niacin Essence Toner 250ml,283 sold,63.00
1759480126-139,https://shopee.com.my/ippuni#product_list,MIXSOON Soondy Centella Asiatica Essence 50/100ml,174 sold,36.40
1759480126-140,https://shopee.com.my/ippuni#product_list,ANUA Heartleaf 77% Soothing Toner / Soothing Ampoule / Clear Pad/ /Trial Kit /Quercetinol Cleansing Foam/ Oil/Sun cream,579 sold,19.80
1759480126-141,https://shopee.com.my/ippuni#product_list,RETRO NAILS Waterbased Peel Off Nail Polish Wudhu Friendly Quicky Dry No Need Remover 10ml (14 Colours),47 sold,14.80
1759480126-142,https://shopee.com.my/ippuni#product_list,LINDSAY Modeling Mask Cup Pack 28g (8 kinds),3k+ sold,8.00
1759480126-143,https://shopee.com.my/ippuni#product_list,IPPUNI Penutup Muka KF94 Premium 4ply Face Mask 1PC [Adult/Ear Loop/Head Loop/Hijab] (Individually Packed),4k+ sold,0.48
1759480126-144,https://shopee.com.my/ippuni#product_list,[CLEARANCE] Exp 29 Jan 2026 SEOUL 4PM Vita Glow C 13.5% Serum Concentrated Pure Vitamin C 15ml,2 sold,19.95
1759480126-145,https://shopee.com.my/ippuni#product_list,ANUA Heartleaf Pore Control Cleansing Oil MILD 200ml,21 sold,67.92
1759480126-146,https://shopee.com.my/ippuni#product_list,MEDICUBE Zero Pore Pad 100ml (70pads),163 sold,73.90
1759480126-147,https://shopee.com.my/ippuni#product_list,KSECRET SEOUL 1988 Eye Cream : Retinal Liposome 4% + Fermented Bean 30ml,3 sold,69.90
1759480126-148,https://shopee.com.my/ippuni#product_list,NEEDS Magic Potion Hair Mask / Treatment Shampoo Travel Kit Mini 70ml,548 sold,15.00
1759480126-149,https://shopee.com.my/ippuni#product_list,GALAXY COLORS Perfume EDP Pour Homme For Men Long Lasting Perfume Arab Perfume Lelaki 100ml,7 sold,49.50
1759480126-150,https://shopee.com.my/ippuni#product_list,FULLY Green Tomato Clay Mask Cleanser / Toner / Serum / Facial Cream,5 sold,68.67
1759480126-151,https://shopee.com.my/ippuni#product_list,Anua Heartleaf Pore Control Cleansing Oil 200ml + Heartleaf Quercetinol Pore Deep Cleansing Foam 150ml,3k+ sold,39.10
1759480126-152,https://shopee.com.my/ippuni#product_list,TO BEST COLLECTION Retinol 0.2% / Retinol 1%/ Mandelic Acid 10% Serum /Hyaluronic Acid 30ml,2k+ sold,32.00
1759480126-153,https://shopee.com.my/ippuni#product_list,[ADD ON GIFT] GALAXY COLORS Perfume EDP Pour Homme For Men (Zaffiro) Vial Mini Size,8 sold,7.00
1759480126-154,https://shopee.com.my/ippuni#product_list,HEALEZ Melt The Day Away Makeup Remover 30g/80g,179 sold,29.90
1759480126-155,https://shopee.com.my/ippuni#product_list,iUNIK Centella Calming Gel Cream 60ml,272 sold,44.90
1759480126-156,https://shopee.com.my/ippuni#product_list,Daughters Of Malaya Blemish Free Jelly Cleanser 200ml,155 sold,39.00
1759480126-157,https://shopee.com.my/ippuni#product_list,Joyruqo娇润泉 Glorious Face Clear Cleanser 100g 臻颜净透洁面乳小杨哥七老板推荐三只羊,170 sold,31.00
1759480126-158,https://shopee.com.my/ippuni#product_list,JOYRUQO 娇润泉 Restructred Collagen Second Pulling Essence [BLACK BOX] 1.5mlx30pcs /5pcs 重组胶原蛋白次抛精华液小杨哥七老板推荐三只羊,95 sold,14.00
1759480126-159,https://shopee.com.my/ippuni#product_list,JOYRUQO娇润泉 Bifida Yeast Anti Wrinkle Firming Wrinkle Essence [RED LINE] 1.5mlx30pcs /5pcs 二裂酵母抗皱紧致淡纹次抛精华液小杨哥七老板推荐,40 sold,13.00
1759480126-160,https://shopee.com.my/ippuni#product_list,JOYRUQO 娇润泉Soothing Repairing Freeze Dried Sheet Mask (5pcs/box) 舒缓修护冻干面膜组合小杨哥七老板推荐三只羊,16 sold,52.00
1759480126-161,https://shopee.com.my/ippuni#product_list,JOYRUQO 娇润泉 Sodium Hyaluronate Soothing and Penetrating Essence [BLUE LINE]  1.5mlx30pcs/5pcs 透明质酸钠舒缓透润次抛精华液小杨哥七老板推荐,38 sold,13.00
1759480126-162,https://shopee.com.my/ippuni#product_list,JUMISO Blackhead Melting Softener Special Kit 150ml (With Cotton Pad + Cotton Swab),109 sold,66.00
1759480126-163,https://shopee.com.my/ippuni#product_list,Mary & May CICA Soothing Sun Cream SPF50+ PA++++ 50ml/12g,145 sold,13.09
1759480126-164,https://shopee.com.my/ippuni#product_list,[CLEARANCE] Exp 12 Feb 2026 SEOUL 4PM Galactomyces Niacinamide Serum mini 20ml,,8.40
1759480126-165,https://shopee.com.my/ippuni#product_list,JOY.RIA EDP Eau De Parfum Perfume Long Lasting Travel Friendly Perfume Spray Musk Floral 30ml,8 sold,35.00
1759480126-166,https://shopee.com.my/ippuni#product_list,HEVEBLUE Salmon Caring Centella Cream 100ml,2 sold,95.90
1759480126-167,https://shopee.com.my/ippuni#product_list,SPLOO Kids Foam Soap [Pink] 200ml | Gentle Shapeable Fun Soft Foam Bubbles Bath Cleanser For Children,5 sold,33.00
1759480126-168,https://shopee.com.my/ippuni#product_list,[CLEARANCE] Exp 17 Feb 2026 3W CLINIC Intensive UV Sun stick Balm SPF50+ PA++++ 10G,133 sold,9.99
1759480126-169,https://shopee.com.my/ippuni#product_list,NUMBUZIN Best Collection Toner Pad/ Glossy Essence Serum/Cleansing Oil/Sunscreen/Cleanser/Cream/,4k+ sold,51.90
1759480126-170,https://shopee.com.my/ippuni#product_list,KSECRET SEOUL 1988 Cream : Snail Mucin 93% + Rice 100ml,,71.90
1759480126-171,https://shopee.com.my/ippuni#product_list,[CLEARANCE] Exp 16 Jan 2026 SOMEBYMI Truecica Aqua Calming Suncream 50PA++++ 50ml,,20.00
1759480126-172,https://shopee.com.my/ippuni#product_list,FOCALLURE FA113/FA118 Artist Painter superfine Triangle & Round Head Longlasting Waterproof eyebrow pencil,119 sold,7.24
1759480126-173,https://shopee.com.my/ippuni#product_list,ZARZOU BEAUTY Bloom Brightening Serum (BHS)/Repairing&Soothing Serum(RSS)/DDC/DEM/TAS/DEW/Lip Glaze,5k+ sold,24.90
1759480126-174,https://shopee.com.my/ippuni#product_list,FULLY Green Tomato Clay Mask Cleanser 120ml,28 sold,73.85
1759480126-175,https://shopee.com.my/ippuni#product_list,SOMEBYMI Super Matcha Pore Tightening Cleansing Gel / Toner / Serum / Clay Mask,5k+ sold,46.80
1759480126-176,https://shopee.com.my/ippuni#product_list,ROUND LAB 1025 Dokdo Cream 80ml,,89.00
1759480126-177,https://shopee.com.my/ippuni#product_list,[CLEARANCE] 18 April 2026 SEOUL 4PM Galactomyces Niacinamide Toner mini 20ml,,8.40
1759480126-178,https://shopee.com.my/ippuni#product_list,COSRX One Step Original Clear Pad Exfoliate Pore Care 70pads,33 sold,43.00
1759480126-179,https://shopee.com.my/ippuni#product_list,SOMEBYMI Snail Truecica Miracle Repair Cream 50ml,984 sold,54.50
1759480126-180,https://shopee.com.my/ippuni#product_list,Dr.ALTHEA [RENEWED VER] Vitamin C Boosting Serum 30ml  /Gentle Vitamin C Serum 30ml,292 sold,89.90
1759480126-181,https://shopee.com.my/ippuni#product_list,KAYMAN BEAUTY Melon Fresh Micellar/ Cleanser/CoalFace Soap/ BluMarine Refining Serum/ You Glow Girl / Sunstick,10k+ sold,39.00
1759480126-182,https://shopee.com.my/ippuni#product_list,HEIMISH All Clean Balm Mandarin 5ml/120ml,255 sold,48.00
1759480126-183,https://shopee.com.my/ippuni#product_list,SOMEBYMI Propolis B5 Glow Barrier Calming Toner 150ML,54 sold,45.11
1759480126-184,https://shopee.com.my/ippuni#product_list,SOMEBYMI Snail Truecica Repair Toner 135ml Snail Mucin Dark Spot Acne Scar Care,835 sold,59.00
1759480126-185,https://shopee.com.my/ippuni#product_list,iUNIK Beta-Glucan Daily Moisture Cream 60ml,2k+ sold,45.00
1759480126-186,https://shopee.com.my/ippuni#product_list,SOMEBYMI AHA BHA PHA 30 Days Miracle Starter Kit 4 step (Toner/Serum/Cream/Cleansing Bar),1k+ sold,52.62
1759480126-187,https://shopee.com.my/ippuni#product_list,SOMEBYMI Propolis B5 Glow Barrier Calming Serum (Essence) 50ml,578 sold,56.38
1759480126-188,https://shopee.com.my/ippuni#product_list,IRENEDA IR B01 Easy Shaping Hairline Powder Hairline Filling (4shades),35 sold,6.49
1759480126-189,https://shopee.com.my/ippuni#product_list,The Best Of Penjagaan Kulit Sunscreen Collection 4PM / Tocobo / Mary & May / 3W Clinic / Beauty Of Joseon / Kaym,9 sold,11.50
1759480126-190,https://shopee.com.my/ippuni#product_list,PURITO Wonder Releaf Centella Toner /Unscented Centella Green Level Calming Toner) 200ml/30ml,496 sold,18.50
1759480126-191,https://shopee.com.my/ippuni#product_list,FWEE Mellow Dual Blusher 7.2g (12shades),29 sold,72.90
1759480126-192,https://shopee.com.my/ippuni#product_list,EQQUALBERRY Swimming Pool Toner 155ml/300ml,2 sold,44.90
1759480126-193,https://shopee.com.my/ippuni#product_list,[CLEARANCE] Exp Nov 2025 HEALEZ Daily Regenerative Soothing Moisturizer 30g,1 sold,30.20
1759480126-194,https://shopee.com.my/ippuni#product_list,Mary & May Calendula Peptide Ageless Sleeping Mask 30g/110g,119 sold,79.90
1759480126-195,https://shopee.com.my/ippuni#product_list,[CLEARANCE] Exp 1 Jan 2026 SEOUL 4PM Galactomyces Ceramide Cream 75ml,145 sold,30.00
1759480126-196,https://shopee.com.my/ippuni#product_list,Mary & May Vegan CICA Tea Tree AHA PHA Blemish Toner Mini 30ml,41 sold,7.95
1759480126-197,https://shopee.com.my/ippuni#product_list,AXIS-Y Penjagaan Kulit Mini Glow Set Cleanser 8ml / Toner 5ml / Ampoule 5ml / Dark Spot Serum 5ml,1k+ sold,8.74
1759480126-198,https://shopee.com.my/ippuni#product_list,ABIB Glutathiosome Dark Spot Serum Vita Drop/Heartleaf TECA Capsule Serum Calming Drop 50ml,1 sold,79.00
1759480126-199,https://shopee.com.my/ippuni#product_list,JOY.RIA Burst Of Joy 2 In 1 Hair & Body Mist Hijab Friendly Travel Friendly For Women Fruity Scent 75ml,6 sold,25.90
1759480126-200,https://shopee.com.my/ippuni#product_list,HEALEZ Ultra Defensive Calming Cleanser 40ml/150ml,63 sold,17.90
1759480126-201,https://shopee.com.my/ippuni#product_list,ROUND LAB Sunscreen Collection Birch Moisturizing Mild-Up/Tone-Up/Dokdo /365 Derma Relief Sun Cream SPF 50+ PA++++ 50ml,109 sold,39.90
1759480126-202,https://shopee.com.my/ippuni#product_list,[ADD ON GIFT] JOY.RIA Pocket Perfume Mist 15ml (LUCK),2 sold,14.00
1759480126-203,https://shopee.com.my/ippuni#product_list,FOCALLURE FA T16 Makeup Brush Cleaner Makeup Cleaner Bowl  (2 kinds),114 sold,5.82
1759480126-204,https://shopee.com.my/ippuni#product_list,HEVEBLUE Salmon Caring Centella Toner 200ml,,95.90
1759480126-205,https://shopee.com.my/ippuni#product_list,VT COSMETICS Cica Collagen Mask (30ea),60 sold,72.90
1759480126-206,https://shopee.com.my/ippuni#product_list,[CLEARANCE] Exp Nov 2025 GRAPHICO Manpuku Fills You Up X30 Diet Support Candy 38g [Zero Sugar Basil Seed] 低热量饱腹水果糖,33 sold,7.89
1759480126-207,https://shopee.com.my/ippuni#product_list,[CLEARANCE] Exp Feb~April 2026 SEOUL 4PM Mini Galactomyces Niacinamide Gel Cleanser/ Toner/Serum/Ceramide Cream 20ml,38 sold,8.40
1759480126-208,https://shopee.com.my/ippuni#product_list,ABIB Glutathiosome Dark Spot Serum Vita Drop 50ml,1 sold,79.00
1759480126-209,https://shopee.com.my/ippuni#product_list,SOMEBYMI Truecica Aqua Calming Sun Cream SPF 50+ PA++++ /Truecica Mineral Calming Tone Up SunCream 50ml,10k+ sold,45.11
1759480126-210,https://shopee.com.my/ippuni#product_list,Pinkflash E19 Pink Stamp Eyebrow Powder Full Pigment Waterproof Cushion Stamp (4 Colours),154 sold,13.59
1759480126-211,https://shopee.com.my/ippuni#product_list,FWEE Lip & Cheek Blurry Pudding Pot 5g (30shades),151 sold,72.90
1759480126-212,https://shopee.com.my/ippuni#product_list,SEOUL 4PM Snail Niacinamide Essence 100ml,25 sold,26.46
1759480126-213,https://shopee.com.my/ippuni#product_list,AXIS-Y Penjagaan Kulit Biome Double Defense Sunscreen Peptide Wrinkle Care 50ml,5 sold,39.00
1759480126-214,https://shopee.com.my/ippuni#product_list,BOY & CO Aromatic Perfume Moisturizing Body Shower Gel First Crush / Young Rose / Daydreamer / Pearadise 400ml,58 sold,24.90
1759480126-215,https://shopee.com.my/ippuni#product_list,ROUND LAB 1025 Dokdo Toner 100/200/500ml,265 sold,45.00
1759480126-216,https://shopee.com.my/ippuni#product_list,ANUA 8 Hyaluronic Acid Hydrating Gentle Foaming Cleanser 150ml,17 sold,43.27
1759480126-217,https://shopee.com.my/ippuni#product_list,[CLEARANCE] Exp 25 Jan 2026 ISNTREE Hyaluronic Acid Natural Sun Cream SPF50+ PA++++ 50ml,5k+ sold,44.25
1759480126-218,https://shopee.com.my/ippuni#product_list,PINKFLASH PVC Transparent Waterproof Travel Cosmetic Gift Hand bag,172 sold,5.99
1759480126-219,https://shopee.com.my/ippuni#product_list,EQQUALBERRY Swimming Pool Toner 155ml,10 sold,44.90
1759480126-220,https://shopee.com.my/ippuni#product_list,Healez Best Collection Cleanser/Makeup Remover/Serum/Moisturizer/Acne Spot Gel / Restorative Sun Shield/Essence,1k+ sold,17.80
1759480126-221,https://shopee.com.my/ippuni#product_list,RETRO NAILS Lacquer Nail Polish Quick Dry Long Lasting Waterproof 10ml (14 Colours),3 sold,14.90
1759480126-222,https://shopee.com.my/ippuni#product_list,JOY.RIA Pocket Perfume Mist Travel Friendly Perfume Spray For Men For Women Floral Fruity 15ml,10 sold,14.00
1759480126-223,https://shopee.com.my/ippuni#product_list,SEOUL 4PM Low pH Galactomyces Niacinamide Gel Cleanser 50/150ml,75 sold,19.37
1759480126-224,https://shopee.com.my/ippuni#product_list,JLP Manier Skin Care Wrapping Gel / Moist Control Lotion /Pre Lotion /Balance Control Cleansing Cleanser /Clear Soap,,74.00
1759480126-225,https://shopee.com.my/ippuni#product_list,Anua Peach 77 Niacin Essence Toner 250ml [Niacinamide+Panthenol+Ceramide],33 sold,63.00
1759480126-226,https://shopee.com.my/ippuni#product_list,ZARZOU Daily Deep Cleanser (DDC) 100ML,629 sold,44.00
1759480126-227,https://shopee.com.my/ippuni#product_list,NUMBUZIN No.5 Vitamin-Niacinamide Concentrated Pad/Pore Zero Peeled Egg/ Centella Re-leaf Green/Radiance Glowing Jumbo,758 sold,66.80
1759480126-228,https://shopee.com.my/ippuni#product_list,BEAUTY OF JOSEON Glow Deep Serum 10/30ml,304 sold,22.30
1759480126-229,https://shopee.com.my/ippuni#product_list,VT COSMETICS Reedle Shot Stick Pouch 2mlx10ea [100 /300 Reedle Shot/ Reti-A / Collagen/ Vita-Light],1k+ sold,45.40
1759480126-230,https://shopee.com.my/ippuni#product_list,IRENEDA IR T04 Soft Touch Comfortable Multi Use Concealer Eyebrow Makeup Brush (4kinds),338 sold,5.99
1759480126-231,https://shopee.com.my/ippuni#product_list,"[CLEARANCE] Exp 24 Jan 2026 ISNTREE Skincare Travel Kit (Cleanser, Facial Toner, Serum, Cream, Sunscreen)",36 sold,49.80
1759480126-232,https://shopee.com.my/ippuni#product_list,BE.IPPUNI Beetroot Airy Floral Sunscreen No White Cast Acne Friendly SPF50+ PA++++ 10ml/50ml,2k+ sold,15.00
1759480126-233,https://shopee.com.my/ippuni#product_list,Anua Peach 70 Niacin Serum 30ml Niacinamide Peach Serum,61 sold,68.50
1759480126-234,https://shopee.com.my/ippuni#product_list,FOCALLURE FA79 Lasting Soft Gel Pencil (4 colours),147 sold,9.40
1759480126-235,https://shopee.com.my/ippuni#product_list,[CLEARANCE] Exp 14 Mar 2026 SEOUL 4PM Low pH Galactomyces Niacinamide Gel Cleanser mini 20ml,,8.40
1759480126-236,https://shopee.com.my/ippuni#product_list,NUMBUZIN No.5 Vitamin Toner / Cleanser / Vitamin-Niacinamide Concentrated Pad / Serum /Glutathione Dark Spot Laser Cream,34 sold,45.90
1759480126-237,https://shopee.com.my/ippuni#product_list,ANUA Heartleaf Succinic Moisture Cleansing Foam 150ml [BHA+Ceramide+Panthenol],34 sold,40.93
1759480126-238,https://shopee.com.my/ippuni#product_list,Numbuzin No.1 Pure Glass Clean Tone Up Tinted Sunscreen SPF50+ PA++++ 50ml,49 sold,101.00
1759480126-239,https://shopee.com.my/ippuni#product_list,BEAUTY OF JOSEON Glow Serum 10ml/30ml,280 sold,45.90
1759480126-240,https://shopee.com.my/ippuni#product_list,RURUBERRY A5 Size Duet Sketchbook Notebook Planner Journal Notepad (Lined+Blank Pages),1 sold,5.90
1759480126-241,https://shopee.com.my/ippuni#product_list,IRENEDA IR T01 So That You Dazzle False Eyelashes 1 pair ( 4 kinds),64 sold,5.99
1759480126-242,https://shopee.com.my/ippuni#product_list,SOMEBYMI Cica Peptide Anti Hair Loss Set /Scalp Tonic/Shampoo/Treatment Conditional,1k+ sold,20.00
1759480126-243,https://shopee.com.my/ippuni#product_list,TO Hyaluronic Acid 2% + B5 Serum 30ml/60ml,120 sold,74.69
1759480126-244,https://shopee.com.my/ippuni#product_list,NUMBUZIN No.1+ Pantothenic B5 Active Drying Powder 7g,12 sold,51.90
1759480126-245,https://shopee.com.my/ippuni#product_list,SKIN1004 Madagascar Centella Toning Toner 210/400ml,80 sold,65.90
1759480126-246,https://shopee.com.my/ippuni#product_list,IPPUNI Penutup Muka KF94 Premium 4ply Face Mask 10PCS [Adult/Ear Loop/Head Loop/Hijab] (Individually Packed),2k+ sold,4.24
1759480126-247,https://shopee.com.my/ippuni#product_list,JUMISO Snail Mucin 88 + Peptide Firming Facial Cream 30ml/100ml,7 sold,35.00
1759480126-248,https://shopee.com.my/ippuni#product_list,Numbuzin No.3 Radiance Glowing Jumbo Essence Pad 150ml,25 sold,72.00
1759480126-249,https://shopee.com.my/ippuni#product_list,FOCALLURE FA E29 Eyebrow Stamp Powder (3 colours),25 sold,12.97
1759480126-250,https://shopee.com.my/ippuni#product_list,NEEDS Fairy Berries Hair Trio [Shampoo+ Keratin Hair Serum+ Hair Mask],59 sold,49.90
1759480126-251,https://shopee.com.my/ippuni#product_list,ACWELL Penjagaan Kulit Licorice Ph Balancing Cleansing Toner 30ml/150ml/300ml [NEW VERSION],6k+ sold,50.90
1759480126-252,https://shopee.com.my/ippuni#product_list,DAUGHTERS OF MALAYA Post-Breakout Recovery Serum (PBRS) 30ml,70 sold,59.00
1759480126-253,https://shopee.com.my/ippuni#product_list,AXIS-Y Penjagaan Kulit Complete No Stress Physical Sunscreen V3 10ml/ 50ml / Biome Biome Double Defense SPF,6k+ sold,65.00
1759480126-254,https://shopee.com.my/ippuni#product_list,[NEW LAUNCH] SPLOO Kids Foam Soap [Blue] 200ml | Gentle Shapeable Fun Soft Foam Bubbles Bath Cleanser For Children,6 sold,33.00
1759480126-255,https://shopee.com.my/ippuni#product_list,TO Retinol 0.2%/ 0.5% / 1% in Squalane 30ml,50 sold,32.00
1759480126-256,https://shopee.com.my/ippuni#product_list,[CLEARANCE] Exp 27 Jan 2026 KAYMAN MelonFresh Micellar Water 100ml | Makeup Remover,910 sold,31.20
1759480126-257,https://shopee.com.my/ippuni#product_list,VT COSMETICS Reedle Shot 100/300/700 2 Step Mask (1ea),82 sold,12.90
1759480126-258,https://shopee.com.my/ippuni#product_list,STRANGE SUGAR Tumbler Double Stainless Steel Mug Travel Thermos Cup Flask 510ml (Pink/Purple),12 sold,15.00
1759480126-259,https://shopee.com.my/ippuni#product_list,NEEDS Magic Berry Mint Potion Hair Mask / Berry Blast Treatment Shampoo 70ml,10 sold,15.00
1759480126-260,https://shopee.com.my/ippuni#product_list,COSRX The Retinol 0.1 Cream Wrinkle Fine Line Care 20ml,366 sold,65.00
1759480126-261,https://shopee.com.my/ippuni#product_list,[CLEARANCE] Exp 25 Jan 2026 SOMEBYMI Beta Panthenol Repair Toner 150ml,21 sold,39.10
1759480126-262,https://shopee.com.my/ippuni#product_list,ABIB Heartleaf TECA Capsule Serum Calming Drop 50ml,2 sold,79.00
1759480126-263,https://shopee.com.my/ippuni#product_list,AXIS-Y Vegan Collagen Eye Serum 10ml,297 sold,65.00
1759480126-264,https://shopee.com.my/ippuni#product_list,NUMBUZIN No.1+ Pantothenic B5 Active Drying Powder /Soothing Cream/ Soothing Serum,55 sold,51.90
1759480126-265,https://shopee.com.my/ippuni#product_list,SEOUL 4PM Galactomyces Niacinamide Serum 30ml,37 sold,34.90
1759480126-266,https://shopee.com.my/ippuni#product_list,REVERIE Bring Glow Tote Bag Shoulder Bag Shopping Bag Beige Colour,,5.90
1759480126-267,https://shopee.com.my/ippuni#product_list,ZARZOU Daily Essential Moisturiser (DEM) 80ml,411 sold,59.00
1759480126-268,https://shopee.com.my/ippuni#product_list,ALTERNATIVE STEREO Kosmetik Lip Potion Aqua Glow 9ml (2 colours),4 sold,79.90
1759480126-269,https://shopee.com.my/ippuni#product_list,SOMEBYMI Snail Truecica Repair Set (Cleanser/Serum/Toner/Cream),5k+ sold,99.61
1759480126-270,https://shopee.com.my/ippuni#product_list,Seoul 4PM Air Matte Sun Stick SPF50+ PA++++ 18.5g,13 sold,27.93
1759480126-271,https://shopee.com.my/ippuni#product_list,ABIB Collagen Eye Patch Jericho Rose Jelly (60ea),,66.50
1759480126-272,https://shopee.com.my/ippuni#product_list,SOMEBYMI AHA BHA PHA Miracle Starter Kit / Snail Truecica /AC SOS / Super Matcha Kit /Propolis/Yuja,10k+ sold,52.62
1759480126-273,https://shopee.com.my/ippuni#product_list,Biodance Bio-Collagen Real Deep Mask  (34gx4ea per box) / 1 ea,68 sold,25.00
1759480126-274,https://shopee.com.my/ippuni#product_list,COSRX Cleanser/Toner/Hyaluronic Serum/ Original Clear Pad/Moisturizer/Retinol Cream /Propolis,985 sold,43.00
1759480126-275,https://shopee.com.my/ippuni#product_list,IPPUNI Penutup Muka KF94 Premium 4ply Face Mask 1PC [Kid/Children/Ear Loop](Individually Packed),211 sold,0.48
1759480126-276,https://shopee.com.my/ippuni#product_list,AXIS-Y Spot the Difference Blemish Treatment 15ml,694 sold,49.00
1759480126-277,https://shopee.com.my/ippuni#product_list,HEALEZ Invisible Restorative Sun Shield 15ml/50ml,188 sold,24.90
1759480126-278,https://shopee.com.my/ippuni#product_list,YELLO Oatmino Refreshing Cream Cleanser 40ml/150ml,64 sold,29.00
1759480126-279,https://shopee.com.my/ippuni#product_list,Anua Peach 77 Niacin Enriched Cream 50ml [Niacinamide+Panthenol],3 sold,90.30
1759480126-280,https://shopee.com.my/ippuni#product_list,[ADD ON  GIFT] THE 1001 SENSES Hair & Body Mist Perfume 90ml (Sweet Pomegranate),7 sold,14.90
1759480126-281,https://shopee.com.my/ippuni#product_list,HARUHARU WONDER Black Rice Hyaluronic Toner /Hyaluronic Toner for Sensitive Skin 150ml/300ml,293 sold,39.70
1759480126-282,https://shopee.com.my/ippuni#product_list,ABIB Heartleaf Spot Pad Calming Touch (80pads),1 sold,62.50
1759480126-283,https://shopee.com.my/ippuni#product_list,JLP Basic Skincare Moist Control Lotion 2ml/Manier Skin Care Wrapping Gel 1g/Lift Serum Sachet Mini Sample (1ea),,2.50
1759480126-284,https://shopee.com.my/ippuni#product_list,AXIS-Y Penjagaan Kulit Daily Purifying Treatment Toner 5ml / 200ml,869 sold,9.90
1759480126-285,https://shopee.com.my/ippuni#product_list,VT COSMETICS Reedle Shot Stick Pouch 100 Collagen 2mlx10ea,1 sold,45.50
1759480126-286,https://shopee.com.my/ippuni#product_list,YM BABY Low Gravity With Filling Baby Seat Soft Sofa Anti-Tilt Learning Sit Eating Chair,17 sold,74.90
1759480126-287,https://shopee.com.my/ippuni#product_list,VT COSMETICS CICA Collagen Mask/Daily Soothing Mask/ Cica Reti-A Daily Mask (30ea),4 sold,72.90
1759480126-288,https://shopee.com.my/ippuni#product_list,BEAUTY OF JOSEON Revive Serum: Ginseng + Snail Mucin 10/30ml,120 sold,44.23
1759480126-289,https://shopee.com.my/ippuni#product_list,FULLY Green Tomato Facial Cream 90ml,2 sold,87.71
1759480126-290,https://shopee.com.my/ippuni#product_list,ABIB Penjagaan Kulit Pine Needle /Yuja Probiotics /Heartleaf Spot  / Green LHA / Jericho Collagen /Sedum Hyaluron pad,408 sold,66.50
1759480126-291,https://shopee.com.my/ippuni#product_list,TOCOBO Vita Tone Up Sun Cream SPF50+ PA++++ 50ml/10ml,40 sold,10.00
1759480126-292,https://shopee.com.my/ippuni#product_list,SEOUL 4PM Brightening Skincare Mini Travel Kit [Niacinamide Gel Cleanser+Toner+Serum+Ceramide Cream],26 sold,31.50
1759480126-293,https://shopee.com.my/ippuni#product_list,ANUA 7 Rice Ceramide Hydrating Barrier Serum 50ml,108 sold,80.43
1759480126-294,https://shopee.com.my/ippuni#product_list,[CLEARANCE] Exp 25 Jan 2026 SOMEBYMI Beta Panthenol Repair Gel Cleanser 120ml,24 sold,39.10
1759480126-295,https://shopee.com.my/ippuni#product_list,SOMEBYMI Cica Peptide Anti Hair Loss Scalp Treatment 50ml/180ml,192 sold,18.80
1759480126-296,https://shopee.com.my/ippuni#product_list,HEIMISH All Clean Balm 5ml/50ml/120ml | All Clean Balm Mandarin 5ml/120ml | Rose Water Hydrogel Eye Patch / RX Serum,1k+ sold,53.80
1759480126-297,https://shopee.com.my/ippuni#product_list,BOY & CO Aromatic Shower Gel Daydreamer 400ml [ With Niacinamide + Body Acne Care],,24.90
1759480126-298,https://shopee.com.my/ippuni#product_list,BIODANCE Hydro Cera-nol Real Deep Mask (34gx4ea per box) / 1 ea,40 sold,18.90
1759480126-299,https://shopee.com.my/ippuni#product_list,ORA2 ME Stain Clear Mild Toothpaste/ Premium Aromatic/ Cleansing Paste/ Natural Mint/Peach Leaf Mint/ Floral White Tea,1k+ sold,18.80
1759480126-300,https://shopee.com.my/ippuni#product_list,FULLY Green Tomato Toner 250ml,1 sold,68.67
1759480126-301,https://shopee.com.my/ippuni#product_list,ROUND LAB 1025 Dokdo Cleansing Gel 150ml,2k+ sold,40.19
1759480126-302,https://shopee.com.my/ippuni#product_list,TOCOBO Sunscreen Best Collection Bio Watery /Cotton Soft /Vita Tone Up /Cica Cooling / Cica Calming Sun Serum Sun Stick,1k+ sold,15.30
1759480126-303,https://shopee.com.my/ippuni#product_list,YELLO Oatellia Exfoliating Gel Cleanser 40ml/120ml,45 sold,55.00
1759480126-304,https://shopee.com.my/ippuni#product_list,BOY & CO Aromatic Shower Gel First Crush 400ml [ With Niacinamide + Body Acne Care],2 sold,24.90
1759480126-305,https://shopee.com.my/ippuni#product_list,ATOPALM Krim MLE Skin Barrier Cream Low pH for Baby Skin 8/65/100ml,5 sold,18.00
1759480126-306,https://shopee.com.my/ippuni#product_list,KAYMAN Combo Petite You Glow Girl (HoneyGlo Facial Exfoliant 30ml + Rosa Glow Essence 30ml),14 sold,75.00
1759480126-307,https://shopee.com.my/ippuni#product_list,Anua Heartleaf Pore Clay Pack 100ml [Houttuynia Cordata+Kaolin+Hyaluronic Acid],19 sold,44.79
1759480126-308,https://shopee.com.my/ippuni#product_list,ROSETTE Face Wash Pasta Red Clay Wrinkle/White Clay/Acne Clear/Sea Clay Smooth | Gommage Peeling Gel/Acne Foam,171 sold,21.90
1759480126-309,https://shopee.com.my/ippuni#product_list,BEAUTY OF JOSEON Ginseng Moist Sun Serum SPF50+ PA++++ 50ml,61 sold,53.01
1759480126-310,https://shopee.com.my/ippuni#product_list,VT COSMETICS Reedle Shot Stick Pouch 100 Reti-A 2mlx10ea,1 sold,45.50
1759480126-311,https://shopee.com.my/ippuni#product_list,Mixsoon Mung Bean Seed Essence 100ml,8 sold,69.30
1759480126-312,https://shopee.com.my/ippuni#product_list,SOMEBYMI Truecica Aqua Calming Suncream 50PA++++ 50ml,6 sold,45.11
1759480126-313,https://shopee.com.my/ippuni#product_list,ISNTREE Hyaluronic Acid Daily Sun Gel Gentle For Sensitive Skin SPF30 PA+++ 50ml,11 sold,45.00
1759480126-314,https://shopee.com.my/ippuni#product_list,BE.IPPUNI Berry Brightening Serum Fade Dark Spots Acne Scar 30ml [Niacinamide+Tranexamic Acid],994 sold,20.00
1759480126-315,https://shopee.com.my/ippuni#product_list,COSRX The Niacinamide 15 Serum/The Vitamin C 23 Serum /The Vitamin C 13 Serum  /The Hyaluronic Acid 3 Serum,361 sold,48.00
1759480126-316,https://shopee.com.my/ippuni#product_list,RURUBERRY Chanson D'Amour Lunch Tote Bag White Colour,3 sold,15.90
1759480126-317,https://shopee.com.my/ippuni#product_list,[CLEARANCE] Exp 12 Jan~18 April 2026 SEOUL 4PM Galactomyces Niacinamide Toner 100ml,42 sold,27.58
1759480126-318,https://shopee.com.my/ippuni#product_list,BE.IPPUNI Combo Set Berry Brightening Serum 30ml / Beetroot Sunscreen Sensitive Skin Friendly SPF 50+ SPF++++ 50ml,3 sold,39.90
1759480126-319,https://shopee.com.my/ippuni#product_list,YELLO Cynara Supple Plumping Essence 120ml,92 sold,65.00
1759480126-320,https://shopee.com.my/ippuni#product_list,YM BABY Baby Silicone Dining Plate Pingan Baby Plate Feeding Golden Ratio Three Compartment Suction Plate,2 sold,29.90
1759480126-321,https://shopee.com.my/ippuni#product_list,ROSETTE Face Wash Paste Red Clay Wrinkle/White Clay/Acne Clear/Sea Clay Smooth 120g,360 sold,22.00
1759480126-322,https://shopee.com.my/ippuni#product_list,Numbuzin No.1 Glossy Essence Serum 50ml,22 sold,70.14
1759480126-323,https://shopee.com.my/ippuni#product_list,KAYMAN BluMarine Refining Serum Acne & Blemish Care 20ml,23 sold,70.00
1759480126-324,https://shopee.com.my/ippuni#product_list,MARY & MAY Niacinamide Vitamin C Daily Mask (30ea),3 sold,58.90
1759480126-325,https://shopee.com.my/ippuni#product_list,ANUA Birch Moisture Boosting Toner/ Boosting Pad /Boosting Serum /Boosting Cream,490 sold,55.93
1759480126-326,https://shopee.com.my/ippuni#product_list,The Best Of Penjagaan Kulit Tinted Sunscreen Sun Cream Collection Numbuzin / Orbis/ Instree / 3W Clinic,12 sold,48.90
1759480126-327,https://shopee.com.my/ippuni#product_list,SEOUL 4PM AHA BHA Heartleaf 92 Toner 100ml (Exfoliate and Calming),5 sold,25.13
1759480126-328,https://shopee.com.my/ippuni#product_list,ZARZOU Littles Mini Essential Kit /Zarzou Trace-Free Facial Wipes/ DDC/DEM/BHS/RSS,71 sold,10.00
1759480126-329,https://shopee.com.my/ippuni#product_list,ANUA Heartleaf Soothing Trial Kit （Toner/ Lotion/ Ampoule/ Clear Pad),29 sold,83.30
1759480126-330,https://shopee.com.my/ippuni#product_list,JUMISO Waterfull Hyaluronic Acid Cream 100ml,2 sold,76.00
1759480126-331,https://shopee.com.my/ippuni#product_list,TO Mandelic Acid 10% + HA Serum 30ml,21 sold,33.90
1759480126-332,https://shopee.com.my/ippuni#product_list,RETRO NAILS 3D 6D Nail Sticker Manicure Cute Retro Flower Doughnut Cat Sticker,11 sold,14.90
1759480126-333,https://shopee.com.my/ippuni#product_list,Haruharu Wonder Black Rice Hyaluronic Toner 150ml/300ml,5 sold,39.70
1759480126-334,https://shopee.com.my/ippuni#product_list,ABIB Sedum Hyaluron Pad Hydrating Touch (75 pads),,66.50
1759480126-335,https://shopee.com.my/ippuni#product_list,PINKFLASH PF T02#2 PVC Mini Lipstick Storage Pouch Bag,153 sold,5.99
1759480126-336,https://shopee.com.my/ippuni#product_list,SOMEBYMI Super Matcha Pore Tightening Toner 150ml,123 sold,45.01
1759480126-337,https://shopee.com.my/ippuni#product_list,RETRO NAILS 2 In 1 Nail Treatment Nail Oil Cuticle Oil Manicure (4.5ml*2),3 sold,38.00
1759480126-338,https://shopee.com.my/ippuni#product_list,ABIB Green LHA Pore Pad Clear Touch (60pads),1 sold,73.50
1759480126-339,https://shopee.com.my/ippuni#product_list,Beauty of Joseon Matte Sun Stick: Mugwort + Camelia 18g SPF50+ PA++++,4k+ sold,46.78
1759480126-340,https://shopee.com.my/ippuni#product_list,VT COSMETICS Reedle Shot Stick 100 Vita Light 2mlx10ea,1 sold,45.50
1759480126-341,https://shopee.com.my/ippuni#product_list,ISNTREE Hyaluronic Acid Airy Sun Stick / Hyaluronic Acid Natural Sun Cream/Hyaluronic acid watery sun gel/Yam Tone up,1k+ sold,39.90
1759480126-342,https://shopee.com.my/ippuni#product_list,V.V LOVE NIGHT LURE Pour Femme Eau De Parfum Women Perfume 100ml,,25.80
1759480126-343,https://shopee.com.my/ippuni#product_list,HEALEZ Daily Regenerative Soothing Moisturizer 10g/30g,56 sold,19.90
1759480126-344,https://shopee.com.my/ippuni#product_list,HEIMISH RX Retinol Bakuchiol Booster Oil Daily Wrinkle Care 35ml,4 sold,53.80
1759480126-345,https://shopee.com.my/ippuni#product_list,ALTERNATIVE STEREO Kosmetik Lip Potion Balmy Rose (4colours),4 sold,79.90
1759480126-346,https://shopee.com.my/ippuni#product_list,MARY & MAY Wash Off Mask Pack 30/125g [Rose Hyaluronic/Lemon Niacinamide/CICA Tea Tree/Blackberry],60 sold,39.90
1759480126-347,https://shopee.com.my/ippuni#product_list,ARENCIA Penjagaan Kulit Rice Mucin Glow Serum 30ml,8 sold,77.80
1759480126-348,https://shopee.com.my/ippuni#product_list,NUMBUZIN No.4 Pore Zero Peeled Egg Toner Pad 190ml (70 Pads),61 sold,66.80
1759480126-349,https://shopee.com.my/ippuni#product_list,BELIF Penjagaan Kulit The True Cream Moisturizing Bomb 10/50ml,19 sold,30.00
1759480126-350,https://shopee.com.my/ippuni#product_list,BIODANCE Radiant Vita Niacinamide Real Deep Mask (34gx4ea per box) / 1 ea,12 sold,25.00
1759480126-351,https://shopee.com.my/ippuni#product_list,Extra Box Protection Add On Bubble Wrap / Box Packaging,3k+ sold,5.00
1759480126-352,https://shopee.com.my/ippuni#product_list,EQQUALBERRY Swimming Pool Ampoule 50ml | Hyaluronic Acid Deep Hydration and Soothing,3 sold,75.00
1759480126-353,https://shopee.com.my/ippuni#product_list,Tocobo Cica Cooling Sun Stick /Cica Calming Sun Serum /Cica Calming Aqua Pad /Cica Calming Gel Cream,37 sold,52.90
1759480126-354,https://shopee.com.my/ippuni#product_list,ARENCIA Penjagaan Kulit Royal Blue Hyssop / Fresh Green / L'aromatique Calendula / Rosehip /Black Tea Cleanser Scrub120g,1k+ sold,75.50
1759480126-355,https://shopee.com.my/ippuni#product_list,SOMEBYMI Propolis B5 Glow Barrier Calming Toner / Serum / Cream/Calming Mask Set/Glow Barrier Calming Oil To Foam,2k+ sold,56.28
1759480126-356,https://shopee.com.my/ippuni#product_list,VT COSMETICS Reedle Shot Stick Pouch 300 Reedle Shot 2mlx10ea,,45.50
1759480126-357,https://shopee.com.my/ippuni#product_list,NUMBUZIN No. 5 Glutathione Vitamin Facial Spa Cleanser 200ml,1 sold,105.00
1759480126-358,https://shopee.com.my/ippuni#product_list,NUMBUZIN No.5+ Vitamin Glutathione Dark Spot Laser Cream 50ml,7 sold,108.00
1759480126-359,https://shopee.com.my/ippuni#product_list,THE ANGRY BEAR COFFEE Seoul Forest Coffee Bean | Nutty Balance Coffee Blend | Medium Dark |100g/200g,1 sold,26.80
1759480126-360,https://shopee.com.my/ippuni#product_list,ROUND LAB Birch Moisture Tone-Up Sunscreen 50ml,32 sold,74.90
1759480126-361,https://shopee.com.my/ippuni#product_list,Mary & May Idebenone + Blackberry Complex Serum 30ml,6 sold,42.00
1759480126-362,https://shopee.com.my/ippuni#product_list,Unichi Teddi Lab Hair Boost / Rose Iron / Immune Defence / Rose Collagen Gummy 60 Gummies 180g,554 sold,50.00
1759480126-363,https://shopee.com.my/ippuni#product_list,SOMEBYMI Super Matcha Pore Tightening Serum Blackhead Seum Pore Care 50ml,168 sold,56.38
1759480126-364,https://shopee.com.my/ippuni#product_list,Unichi Teddi Lab Rose Collagen Gummy Rosehip & Rose Flavour  60 Gummies 180g,5 sold,99.00
1759480126-365,https://shopee.com.my/ippuni#product_list,ROUND LAB Birch Moisturizing Mild-Up Sunscreen SPF 50+ PA++++ 50ml,28 sold,75.00
1759480126-366,https://shopee.com.my/ippuni#product_list,HEVEBLUE Salmon Caring Centella Ampoule 30ml,,95.90
1759480126-367,https://shopee.com.my/ippuni#product_list,BIODANCE Refreshing Sea Kelp Real Deep Mask (34gx4ea per box) / 1 ea,11 sold,18.90
1759480126-368,https://shopee.com.my/ippuni#product_list,FULLY Green Tomato Serum 30ml,,78.87
1759480126-369,https://shopee.com.my/ippuni#product_list,Yolu Relax Night / Calm Night Repair Shampoo 475ml,18 sold,69.90
1759480126-370,https://shopee.com.my/ippuni#product_list,SOMEBYMI Super Matcha Pore Tightening Set,368 sold,101.39
1759480126-371,https://shopee.com.my/ippuni#product_list,Unichi Teddi Lab Immune Defence Gummy Berry Flavour 60 Gummies 180g,,99.00
1759480126-372,https://shopee.com.my/ippuni#product_list,YOLU Relax Night Repair Shampoo 475ml,5 sold,69.80
1759480126-373,https://shopee.com.my/ippuni#product_list,JLP Manier Clear Soap 75g With Soap Net | Dense Foam Moisturizing Cleanser,,74.00
1759480126-374,https://shopee.com.my/ippuni#product_list,ORA2 ME Stain Clear Mild Toothpaste Sakura Mint/ Natural Mint/Peach Leaf Mint/ Floral White Tea/Apple & Rose,,18.90
1759480126-375,https://shopee.com.my/ippuni#product_list,Anua Rice Enzyme Brightening Cleansing Powder 40g,25 sold,79.20
1759480126-376,https://shopee.com.my/ippuni#product_list,HARUHARU WONDER Black Rice Cleansing Gel 2ml /Cleansing Oil 1.5ml / SPF50+ Sunscreen 2ml Sachet Mini (1ea),,10.00
1759480126-377,https://shopee.com.my/ippuni#product_list,ATOPALM Syampu Top to Toe Wash Baby Moisturizing Shampoo & Body Wash / MLE Barrier Cream /Mild Shampoo /MLE Skin Lotion,17 sold,18.00
1759480126-378,https://shopee.com.my/ippuni#product_list,VT COSMETICS Cica Reti-A Daily Mask (30ea),2 sold,73.80
1759480126-379,https://shopee.com.my/ippuni#product_list,HEIMISH RX Retinol Bakuchiol Booster Oil / Multi Vitamin Glow Serum / Hyaluronic Acid 2% Hydrating Serum 35ml,,53.80
1759480126-380,https://shopee.com.my/ippuni#product_list,OPERA EYE PUTTI Double Eyelid Liquid Tape/Double Eyelid Glue 双眼皮定型胶,203 sold,35.00
1759480126-381,https://shopee.com.my/ippuni#product_list,YM BABY Baby Traning Cup BPA Free Bottle SmartSip Learning Cup Leakproof Slide Open Lid Tritan Bottle 260ml,2 sold,19.90
1759480126-382,https://shopee.com.my/ippuni#product_list,JLP Basic Skincare Moist Control Lotion 150ml | Hydrate and Elastic Skin Toner,,164.00
1759480126-383,https://shopee.com.my/ippuni#product_list,BEAUTY OF JOSEON Light On Serum : Centella + Vita C 30ml,44 sold,44.00
1759480126-384,https://shopee.com.my/ippuni#product_list,ORA2 ME Premium Cleansing Paste Premium Mint/Aromatic Mint （Remove Stains/ Whitening) 17g,172 sold,35.90
1759480126-385,https://shopee.com.my/ippuni#product_list,ORA2 ME Aroma Flavor Collection Toothpaste Berry Mint/Citrus Mint/Lavender Mint 130g,59 sold,22.90
1759480126-386,https://shopee.com.my/ippuni#product_list,ISNTREE Onion Newpair Booster Shot 2000 50ml,13 sold,89.90
1759480126-387,https://shopee.com.my/ippuni#product_list,MARY & MAY Serum Centella Asiatica / 6 Peptide Complex/ Marine Collagen / Idebenone / Niacinamide / Hyaluronics / Citrus,707 sold,42.00
1759480126-388,https://shopee.com.my/ippuni#product_list,ANUA Sheet Mask [Birch Moisture /Heartleaf Cream Mask Night Solution/Peach 70 Niacin Serum /Heartleaf 80 /Green Lemon],177 sold,10.24
1759480126-389,https://shopee.com.my/ippuni#product_list,IPPUNI Penutup Muka KF94 Premium 4ply Face Mask 10PCS [Kid/Children/Ear Loop] (Individually Packed),276 sold,5.99
1759480126-390,https://shopee.com.my/ippuni#product_list,RURUBERRY Mount Kinabalu Stainless Steel Tumbler 600ml,5 sold,79.89
1759480126-391,https://shopee.com.my/ippuni#product_list,JLP Basic Skincare Balance Control Cleansing Cleanser 180g,,104.00
1759480126-392,https://shopee.com.my/ippuni#product_list,"ARENCIA Penjagaan Kulit L'aromatique Calendula Cleanser  120g (Face Mask , Foaming Cleanser, Gentle Scrub All in One)",2 sold,75.50
1759480126-393,https://shopee.com.my/ippuni#product_list,Tocobo Cica Cooling Sun Stick SPF50+ PA++++ 18g,14 sold,55.25
1759480126-394,https://shopee.com.my/ippuni#product_list,HEIMISH RX Multi Vitamin Glow Serum Booster Oil 35ml,,53.80
1759480126-395,https://shopee.com.my/ippuni#product_list,BELIF Penjagaan Kulit The True Cream Moisturizing Bomb 10/50ml | Aqua Bomb 10/50ml | Aqua Bomb Jelly Cleanser 160ml,25 sold,30.00
1759480126-396,https://shopee.com.my/ippuni#product_list,ISNTREE Toner Collection Hyaluronic Acid Toner /  Ultra-Low Molecular Hyaluronic Acid Toner /Yam Root Vegan Milk Toner,6 sold,45.00
1759480126-397,https://shopee.com.my/ippuni#product_list,ISNTREE Hyaluronic Acid Toner 20ml / 200ml,663 sold,45.00
1759480126-398,https://shopee.com.my/ippuni#product_list,THE ANGRY BEAR COFFEE Jeju Seom Coffee Bean | Refreshing Aroma Coffee Blend | Medium Medium |100g/200g,1 sold,26.80
1759480126-399,https://shopee.com.my/ippuni#product_list,YM BABY Colourful Ball Inclined Pillow Baby Slope Cotton Cushion Infant Breastfeeding Portable Nursing Pillow Feeding,2 sold,70.00
1759480126-400,https://shopee.com.my/ippuni#product_list,IPPUNI Puni Cat Sticker Sheet Merdeka /Malaysia Day/ Happy Skin Edition Waterproof A6 Size,,8.00
1759480126-401,https://shopee.com.my/ippuni#product_list,ORBIS  UV Cut Sunscreen On Face Moist Creamy Tinted SPF34 PA+++ 35g,3 sold,48.90
1759480126-402,https://shopee.com.my/ippuni#product_list,TOCOBO Bio Watery Sun Cream SPF50+ PA++++ 50ml/10ml,34 sold,15.30
1759480126-403,https://shopee.com.my/ippuni#product_list,PURITO Wonder Releaf Centella Serum/ Unscented (Centella Green Level Buffet Serum) 15ml/60ml,1k+ sold,63.50
1759480126-404,https://shopee.com.my/ippuni#product_list,Tiam Snail & Azulene Sleeping Mask 100ml,10 sold,47.50
1759480126-405,https://shopee.com.my/ippuni#product_list,TOCOBO Bio Watery Sun Cream SPF50+ PA++++ 50ml/10ml | Cotton Soft Sun Stick SPF50+ PA++++ 19g,87 sold,10.00
1759480126-406,https://shopee.com.my/ippuni#product_list,[CLEARANCE DAMAGED/WITHOUT PACKAGING] *READ DESCRIPTION*  3W Vita Moist / Intensive / Anjo Sunscreen,198 sold,9.00
1759480126-407,https://shopee.com.my/ippuni#product_list,YM BABY Baby Teething Toys Silicone Crab Design Elastic Dual Sided Teether Baby Grip Training Chewing Toy （3 colour),1 sold,9.90
1759480126-408,https://shopee.com.my/ippuni#product_list,BIODANCE Hydro Cera-Nol /Collagen Gel Toner Pads (60Pads),29 sold,92.86
1759480126-409,https://shopee.com.my/ippuni#product_list,ISNTREE Yam Root Vegan Milk Cleanser / Milk Toner /Tone Up Sun Cream,33 sold,59.99
1759480126-410,https://shopee.com.my/ippuni#product_list,"(ADD ON GIFT) ISNTREE Skincare Travel Kit (Cleanser, Facial Toner, Serum, Cream, Sunscreen)",6 sold,999.00
1759480126-411,https://shopee.com.my/ippuni#product_list,Tocobo Cica Calming Gel Cream 75ml,1 sold,66.90
1759480126-412,https://shopee.com.my/ippuni#product_list,ORA2 Me Premium Stain Clear Toothpaste K Premium Mint/K Shiny Citrus Mint/K Aromatic Mint 100g,114 sold,26.90
1759480126-413,https://shopee.com.my/ippuni#product_list,ORA2 Me *Non-Alcohol* Breath & Stain Clear Mouthwash Lime/Sakura/Apple/Peach Leaf Mint/Mint/White Tea/ 460ml (6 Kinds),2k+ sold,20.80
1759480126-414,https://shopee.com.my/ippuni#product_list,JLP Manier Skincare Pre Lotion 120ml | Firming Moisture Smooth Skin,,134.00
1759480126-415,https://shopee.com.my/ippuni#product_list,"ARENCIA Penjagaan Kulit Fresh Black Tea & Yuzu Cleanser 120g  (Face Mask , Foaming Cleanser, Gentle Scrub All in One)",3 sold,75.50
1759480126-416,https://shopee.com.my/ippuni#product_list,RETRO NAILS Instant Glam Press On Nails Fake Nails Kuku Palsu Muslim Friendly With Jelly Sticker 12 Nails Size (6 Design,,32.90
1759480126-417,https://shopee.com.my/ippuni#product_list,[CLEARANCE] Exp 12 Feb 2026 Mary & May Vegan Niacinamide Panthenol Sun Cushion SPF50+ PA++++ 25g [Sunscreen],2 sold,55.99
1759480126-418,https://shopee.com.my/ippuni#product_list,Isntree  Yam Root Vegan Milk Toner 200ml,10 sold,59.99
1759480126-419,https://shopee.com.my/ippuni#product_list,MEDIHEAL Essential Sheet Mask Madecassoside / Collagen/ Teatree/ VIta /Placenta/ Watermide /Vita Toning 1pc,638 sold,5.90
1759480126-420,https://shopee.com.my/ippuni#product_list,MARY & MAY Vegan Blackberry Complex Glow wash off pack 30g/125g,,39.90
1759480126-421,https://shopee.com.my/ippuni#product_list,[ADD ON GIFT] PLYN Facial Cleanser 60ml,6 sold,999.00
1759480126-422,https://shopee.com.my/ippuni#product_list,ATOPALM Syampu Top to Toe Wash Baby Moisturizing Shampoo & Body Wash 20ml/200ml/300ml,2 sold,35.00
1759480126-423,https://shopee.com.my/ippuni#product_list,NOVEM Hotel Series Premium Home Fragrance Oil Aromatherapy Rock Diffuser [Dawn/Dusk 30ml] 家用香薰精油,14 sold,39.00
1759480126-424,https://shopee.com.my/ippuni#product_list,VT COSMETICS Reedle Shot Stick Pouch 100 Pro Cica 2mlx10ea,,45.50
1759480126-425,https://shopee.com.my/ippuni#product_list,VT COSMETICS 100 Pro Cica Reedle Shot 50ml,9 sold,155.00
1759480126-426,https://shopee.com.my/ippuni#product_list,ATOPALM Krim Muka Face Cream Low pH Skin Barrier Cream 35ml,,47.47
1759480126-427,https://shopee.com.my/ippuni#product_list,"ARENCIA Penjagaan Kulit Royal Blue Hyssop Cleanser 120g (Face Mask , Foaming Cleanser, Gentle Scrub All in One)",2 sold,75.50
1759480126-428,https://shopee.com.my/ippuni#product_list,Anua Heartleaf LHA Moisture Peeling Gel [ LHA+Heartleaf+BioDtox],21 sold,44.79
1759480126-429,https://shopee.com.my/ippuni#product_list,HEIMISH RX Hyaluronic Acid 2% Hydrating Serum 35ml,,53.80
1759480126-430,https://shopee.com.my/ippuni#product_list,Tocobo Cica Calming Aqua Pad 160ml (60ea),1 sold,72.90
1759480126-431,https://shopee.com.my/ippuni#product_list,ANUA Birch Moisture Boosting Toner 250ml,4 sold,55.93
1759480126-432,https://shopee.com.my/ippuni#product_list,Tocobo Cica Calming Sun Serum SPF50+ PA++++ 50ml,18 sold,52.90
1759480126-433,https://shopee.com.my/ippuni#product_list,KAYMAN Blumarine Invisible Sunstick SPF50+PA++++ 12g / Double Defense Combo (Sunstick+ Suntella UV Milk),19 sold,69.00
1759480126-434,https://shopee.com.my/ippuni#product_list,ANUA Birch Moisture Boosting Cream 50ml,27 sold,57.75
1759480126-435,https://shopee.com.my/ippuni#product_list,MARY & MAY Houttuynia Cordata + Tea Tree Serum 30ml,1 sold,42.98
1759480126-436,https://shopee.com.my/ippuni#product_list,ABIB Gummy Sheet Mask Hyaluron/ Vita / Madecassoside / Collagen / Heartleaf Sticker 27ml (1ea),947 sold,10.00
1759480126-437,https://shopee.com.my/ippuni#product_list,MARY & MAY Vegan Rose Hyaluronic Hydra wash off Mask Special Gift Set (125g+30g+Spatula),1 sold,83.50
1759480126-438,https://shopee.com.my/ippuni#product_list,MARY & MAY Vegan Blackberry Complex Glow Wash Off Mask 30g,1 sold,39.80
1759480126-439,https://shopee.com.my/ippuni#product_list,JLP Manier Skin Care Wrapping Gel 100g |  Anti Aging Firm Radiance Moisturizer,,234.00
1759480126-440,https://shopee.com.my/ippuni#product_list,ANUA Rice 70 Glow Milky Toner / Rice Ceramide Hydrating Barrier Serum / Rice Enzyme Brightening Cleansing Powder,143 sold,85.00
1759480126-441,https://shopee.com.my/ippuni#product_list,ANUA Birch Moisture Boosting Pad 160ml (70pcs),5 sold,62.65
1759480126-442,https://shopee.com.my/ippuni#product_list,MARY & MAY Niacinamide + Chaenomeles Sinensis Serum 30ml,1 sold,52.45
1759480126-443,https://shopee.com.my/ippuni#product_list,ABIB Mild Acidic pH Sheet Mask Heartleaf / Yuja/ Jericho Rose/ Honey/ Aqua fit (1ea),443 sold,10.00
1759480126-444,https://shopee.com.my/ippuni#product_list,ANUA Heartleaf 80% Soothing Ampoule 30ml,10 sold,81.20
1759480126-445,https://shopee.com.my/ippuni#product_list,BIODANCE Collagen Gel Toner Pads (60pads),4 sold,109.25
1759480126-446,https://shopee.com.my/ippuni#product_list,BANDAI NAMCO Telur Kejutan Suprise Egg Doraemon / Ultraman/ Pokemon / Eevee /Disney Princess /  Vehicles/ ChouChouAimer,24 sold,35.90
1759480126-447,https://shopee.com.my/ippuni#product_list,ANUA Birch Moisture Boosting Serum 30ml,6 sold,73.50
1759480126-448,https://shopee.com.my/ippuni#product_list,MARY & MAY Seoul Edition Vegan Idebenone Blackberry Complex Serum 80ml,2 sold,68.00
1759480126-449,https://shopee.com.my/ippuni#product_list,COSRX The Hyaluronic Acid 3 Serum 20ml,5 sold,48.00
1759480126-450,https://shopee.com.my/ippuni#product_list,MARY & MAY Seoul Edition Vegan Rice Niacin 10% Triple Vitamin / Retinol 0.1% Bakuchiol/ Idebenone Blackberry Serum 80ml,6 sold,68.00
1759480126-451,https://shopee.com.my/ippuni#product_list,ORBIS UV Cut sunscreen On Face Light SPF 34 PA+++ 28ml / Moist SPF34 PA+++ 35g,16 sold,48.90
1759480126-452,https://shopee.com.my/ippuni#product_list,[ADD ON GIFT] MARY & MAY Mini Sun Cream + Sachets + Tea Tree Toner,10 sold,999.00
1759480126-453,https://shopee.com.my/ippuni#product_list,MEDIHEAL Essential Sheet Mask Madecassoside / Collagen/ Teatree/ VIta /Watermide/Placenta 1Box (10pcs),227 sold,59.90
1759480126-454,https://shopee.com.my/ippuni#product_list,HEALEZ Verdura Crystal Stone Diffuser 1kg,1 sold,999.00