brand,key
3W Clinic,3wclinic
A'PIEU,apieu
ABIB,abib
ACWELL,acwell
AHC,ahc
Alternative Stereo,alternativestereo
Ample:N,amplen
ANJO,anjo
Anua,anua
ATOPALM,atopalm
AXIS-Y,axisy
Azarine,azarine
Banila Co,banilaco
BARULAB,barulab
BB LAB,bblab
Beauty of Joseon,beautyofjoseon
beplain,beplain
Belif,belif
Benton,benton
BIODANCE,biodance
B-LAB,blab
Care:Nel,carenel
Cetaphil,cetaphil
CNP Laboratory,cnplaboratory
Code GloKolor,codeglokolor
COSRX,cosrx
Daughters of Malaya,daughtersofmalaya
DearMay,dearmay
Derma:B,dermab
Dinto,dinto
Dr. Althea,dralthea
Dr. Ceuracle,drceuracle
Dr. Jart+,drjart
Dr.G,drg
EAMAS Professionnel,eamasprofessionnel
Eqqualberry,eqqualberry
Espoir,espoir
Etude,etude
Fation,fation
FOCALLURE,focallure
Frankly,frankly
Frudia,frudia
Fwee,fwee
Goodal,goodal
Grafen,grafen
Haruharu Wonder,haruharuwonder
Heimish,heimish
HEALEZ,healez
HEVEBLUE,heveblue
House of Hur,houseofhur
Hue_Calm,huecalm
Illiyoon,illiyoon
IM UNNY,imunny
I'm From,imfrom
Innisfree,innisfree
IRENEDA,ireneda
Isntree,isntree
iUNIK,iunik
JLP Manier,jlpmanier
JMELLA,jmella
JMsolution,jmsolution
Jumiso,jumiso
K-SECRET,ksecret
Kaja,kaja
Kaine,kaine
Kayman Beauty,kaymanbeauty
KEYTH,keyth
Klairs,klairs
LAMELIN,lamelin
Laneige,laneige
LINDSAY,lindsay
LilyBell,lilybell
LUNA,luna
Mamonde,mamonde
Mary & May,marymay
Medicube,medicube
Medi-Peel,medipeel
Melixir,melixir
Menokin,menokin
Mise En Sc√®ne,miseenscne
Missha,missha
NAMING,naming
NARD,nard
Naturie,naturie
NEEDLY,needly
Numbuzin,numbuzin
OPERA,opera
ORBIS,orbis
Paula's Choice,paulaschoice
PETITFEE,petitfee
PINKFLASH,pinkflash
PRAMY,pramy
Purcell,purcell
Purito Seoul,puritoseoul
Pyunkang Yul,pyunkangyul
Returnity,returnity
rom&nd,romnd
ROUND LAB,roundlab
Rovectin,rovectin
Ruruberry,ruruberry
RYO,ryo
Secret Key,secretkey
SeohaeSol,seohaesol
ShaiShaiShai,shaishaishai
SKINFOOD,skinfood
SKIN1004,skin1004
SOME BY MI,somebymi
SNP,snp
Studio17,studio17
Tatagaltier,tatagaltier
The Face Shop,thefaceshop
The Ordinary,theordinary
THE RAW.,theraw
The SAEM,thesaem
TIA'M,tiam
TIRTIR,tirtir
TOCOBO,tocobo
TONYMOLY,tonymoly
Total Image,totalimage
Torriden,torriden
Unichi,unichi
Unleashia,unleashia
VT COSMETICS,vtcosmetics
W.DRESSROOM,wdressroom
Y.O.U Beauty,youbeauty
YELLO,yello
YOLU,yolu
ZARZOU,zarzou
ZigTag,zigtag
Mizon,mizon
Nature Republic,naturerepublic
One Thing,onething
W Skin Laboratory,wskinlaboratory
Itfer,itfer
PLYN,plyn
QXQY,qxqy
IPPUNI,ippuni
FOODAHOLIC,foodaholic
SPLOO,sploo
SEOUL 4PM,seoul4pm
JOY.RIA,joyria
The 1001 Senses,the1001senses
Mixsoon,mixsoon
Galaxy Colors,galaxycolors
JOYRUQO,joyruqo
BOY & CO,boyco
NEEDS,needs
REVERIE,reverie
YM BABY,ymbaby
FULLY,fully
Ora2,ora2
Rosette,rosette
Retro Nails,retronails
Bandai Namco,bandainamco
Median,median
HyaaH,hyaah
NAAP,naap
Rareblee,rareblee
SEAPURI,seapuri
IZEZE,izeze
TFIT,tfit
So Natural,sonatural
Orien,orien
VT,vt
Oddtype,oddtype
Glint,glint
Delphyr,delphyr
KOPHER,kopher
ILSO,ilso
OOTD,ootd
Nonoer,nonoer
Beyond,beyond
Blessed Moon,blessedmoon
Viegano,viegano
Braye,braye
UNOVE,unove
Veganifect,veganifect
Bougas Beauty,bougasbeauty
Always be Pure,alwaysbepure
TO,to
